match_week,position,club,played,won,drawn,lost,GF,GA,GD,points,league_name
1,1,Stuttgart,1,1,0,0,5,0,5,3,Bundesliga
1,2,Bayern Munich,1,1,0,0,4,0,4,3,Bundesliga
1,3,FC Union Berlin,1,1,0,0,4,1,3,3,Bundesliga
1,4,Wolfsburg,1,1,0,0,2,0,2,3,Bundesliga
1,5,Bayer Leverkusen,1,1,0,0,3,2,1,3,Bundesliga
1,6,SC Freiburg,1,1,0,0,2,1,1,3,Bundesliga
1,7,Borussia Dortmund,1,1,0,0,1,0,1,3,Bundesliga
1,8,Eintracht Frankfurt,1,1,0,0,1,0,1,3,Bundesliga
1,9,M'gladbach,1,0,1,0,4,4,0,1,Bundesliga
1,10,FC Augsburg,1,0,1,0,4,4,0,1,Bundesliga
1,11,RB Leipzig,1,0,0,1,2,3,-1,0,Bundesliga
1,12,Hoffenheim,1,0,0,1,1,2,-1,0,Bundesliga
1,13,SV Darmstadt 98,1,0,0,1,0,1,-1,0,Bundesliga
1,14,Cologne,1,0,0,1,0,1,-1,0,Bundesliga
1,15,FC Heidenheim 1846,1,0,0,1,0,2,-2,0,Bundesliga
1,16,Mainz,1,0,0,1,1,4,-3,0,Bundesliga
1,17,Werder Bremen,1,0,0,1,0,4,-4,0,Bundesliga
1,18,Bochum,1,0,0,1,0,5,-5,0,Bundesliga
2,1,FC Union Berlin,2,2,0,0,8,2,6,6,Bundesliga
2,2,Bayern Munich,2,2,0,0,7,1,6,6,Bundesliga
2,3,Bayer Leverkusen,2,2,0,0,6,2,4,6,Bundesliga
2,4,Wolfsburg,2,2,0,0,4,1,3,6,Bundesliga
2,5,SC Freiburg,2,2,0,0,3,1,2,6,Bundesliga
2,6,Borussia Dortmund,2,1,1,0,2,1,1,4,Bundesliga
2,7,Eintracht Frankfurt,2,1,1,0,2,1,1,4,Bundesliga
2,8,RB Leipzig,2,1,0,1,7,4,3,3,Bundesliga
2,9,Stuttgart,2,1,0,1,6,5,1,3,Bundesliga
2,10,Hoffenheim,2,1,0,1,4,4,0,3,Bundesliga
2,11,FC Augsburg,2,0,1,1,5,7,-2,1,Bundesliga
2,12,M'gladbach,2,0,1,1,4,7,-3,1,Bundesliga
2,13,Mainz,2,0,1,1,2,5,-3,1,Bundesliga
2,14,Bochum,2,0,1,1,1,6,-5,1,Bundesliga
2,15,Cologne,2,0,0,2,1,3,-2,0,Bundesliga
2,16,FC Heidenheim 1846,2,0,0,2,2,5,-3,0,Bundesliga
2,17,SV Darmstadt 98,2,0,0,2,1,5,-4,0,Bundesliga
2,18,Werder Bremen,2,0,0,2,0,5,-5,0,Bundesliga
3,1,Bayer Leverkusen,3,3,0,0,11,3,8,9,Bundesliga
3,2,Bayern Munich,3,3,0,0,9,2,7,9,Bundesliga
3,3,Stuttgart,3,2,0,1,11,5,6,6,Bundesliga
3,4,RB Leipzig,3,2,0,1,10,4,6,6,Bundesliga
3,5,FC Union Berlin,3,2,0,1,8,5,3,6,Bundesliga
3,6,Hoffenheim,3,2,0,1,7,5,2,6,Bundesliga
3,7,Wolfsburg,3,2,0,1,5,4,1,6,Bundesliga
3,8,SC Freiburg,3,2,0,1,3,6,-3,6,Bundesliga
3,9,Borussia Dortmund,3,1,2,0,4,3,1,5,Bundesliga
3,10,Eintracht Frankfurt,3,1,2,0,3,2,1,5,Bundesliga
3,11,Werder Bremen,3,1,0,2,4,5,-1,3,Bundesliga
3,12,FC Augsburg,3,0,2,1,7,9,-2,2,Bundesliga
3,13,Bochum,3,0,2,1,3,8,-5,2,Bundesliga
3,14,Cologne,3,0,1,2,2,4,-2,1,Bundesliga
3,15,FC Heidenheim 1846,3,0,1,2,4,7,-3,1,Bundesliga
3,16,M'gladbach,3,0,1,2,5,9,-4,1,Bundesliga
3,17,Mainz,3,0,1,2,2,9,-7,1,Bundesliga
3,18,SV Darmstadt 98,3,0,0,3,2,10,-8,0,Bundesliga
4,1,Bayer Leverkusen,4,3,1,0,13,5,8,10,Bundesliga
4,2,Bayern Munich,4,3,1,0,11,4,7,10,Bundesliga
4,3,RB Leipzig,4,3,0,1,13,4,9,9,Bundesliga
4,4,Stuttgart,4,3,0,1,14,6,8,9,Bundesliga
4,5,Hoffenheim,4,3,0,1,10,6,4,9,Bundesliga
4,6,Wolfsburg,4,3,0,1,7,5,2,9,Bundesliga
4,7,Borussia Dortmund,4,2,2,0,8,5,3,8,Bundesliga
4,8,FC Union Berlin,4,2,0,2,9,7,2,6,Bundesliga
4,9,Eintracht Frankfurt,4,1,3,0,4,3,1,6,Bundesliga
4,10,SC Freiburg,4,2,0,2,5,10,-5,6,Bundesliga
4,11,FC Heidenheim 1846,4,1,1,2,8,9,-1,4,Bundesliga
4,12,Werder Bremen,4,1,0,3,6,9,-3,3,Bundesliga
4,13,Bochum,4,0,3,1,4,9,-5,3,Bundesliga
4,14,M'gladbach,4,0,2,2,8,12,-4,2,Bundesliga
4,15,FC Augsburg,4,0,2,2,7,12,-5,2,Bundesliga
4,16,Cologne,4,0,1,3,3,7,-4,1,Bundesliga
4,17,SV Darmstadt 98,4,0,1,3,5,13,-8,1,Bundesliga
4,18,Mainz,4,0,1,3,3,12,-9,1,Bundesliga
5,1,Bayern Munich,5,4,1,0,18,4,14,13,Bundesliga
5,2,Bayer Leverkusen,5,4,1,0,17,6,11,13,Bundesliga
5,3,Stuttgart,5,4,0,1,17,7,10,12,Bundesliga
5,4,RB Leipzig,5,4,0,1,14,4,10,12,Bundesliga
5,5,Hoffenheim,5,4,0,1,12,6,6,12,Bundesliga
5,6,Borussia Dortmund,5,3,2,0,9,5,4,11,Bundesliga
5,7,Wolfsburg,5,3,0,2,7,6,1,9,Bundesliga
5,8,Eintracht Frankfurt,5,1,4,0,4,3,1,7,Bundesliga
5,9,SC Freiburg,5,2,1,2,5,10,-5,7,Bundesliga
5,10,FC Union Berlin,5,2,0,3,9,9,0,6,Bundesliga
5,11,Werder Bremen,5,2,0,3,8,10,-2,6,Bundesliga
5,12,FC Augsburg,5,1,2,2,9,13,-4,5,Bundesliga
5,13,FC Heidenheim 1846,5,1,1,3,9,13,-4,4,Bundesliga
5,14,Bochum,5,0,3,2,4,16,-12,3,Bundesliga
5,15,M'gladbach,5,0,2,3,8,13,-5,2,Bundesliga
5,16,Cologne,5,0,1,4,4,9,-5,1,Bundesliga
5,17,SV Darmstadt 98,5,0,1,4,6,16,-10,1,Bundesliga
5,18,Mainz,5,0,1,4,4,14,-10,1,Bundesliga
6,1,Bayer Leverkusen,6,5,1,0,20,6,14,16,Bundesliga
6,2,Stuttgart,6,5,0,1,19,7,12,15,Bundesliga
6,3,Bayern Munich,6,4,2,0,20,6,14,14,Bundesliga
6,4,Borussia Dortmund,6,4,2,0,12,6,6,14,Bundesliga
6,5,RB Leipzig,6,4,1,1,16,6,10,13,Bundesliga
6,6,Hoffenheim,6,4,0,2,13,9,4,12,Bundesliga
6,7,Wolfsburg,6,4,0,2,9,6,3,12,Bundesliga
6,8,SC Freiburg,6,3,1,2,7,10,-3,10,Bundesliga
6,9,Eintracht Frankfurt,6,1,4,1,4,5,-1,7,Bundesliga
6,10,FC Heidenheim 1846,6,2,1,3,10,13,-3,7,Bundesliga
6,11,FC Union Berlin,6,2,0,4,9,10,-1,6,Bundesliga
6,12,Werder Bremen,6,2,0,4,10,14,-4,6,Bundesliga
6,13,M'gladbach,6,1,2,3,11,14,-3,5,Bundesliga
6,14,FC Augsburg,6,1,2,3,9,15,-6,5,Bundesliga
6,15,SV Darmstadt 98,6,1,1,4,10,18,-8,4,Bundesliga
6,16,Bochum,6,0,3,3,5,19,-14,3,Bundesliga
6,17,Cologne,6,0,1,5,4,11,-7,1,Bundesliga
6,18,Mainz,6,0,1,5,4,17,-13,1,Bundesliga
7,1,Bayer Leverkusen,7,6,1,0,23,6,17,19,Bundesliga
7,2,Stuttgart,7,6,0,1,22,8,14,18,Bundesliga
7,3,Bayern Munich,7,5,2,0,23,6,17,17,Bundesliga
7,4,Borussia Dortmund,7,5,2,0,16,8,8,17,Bundesliga
7,5,Hoffenheim,7,5,0,2,16,11,5,15,Bundesliga
7,6,RB Leipzig,7,4,2,1,16,6,10,14,Bundesliga
7,7,Wolfsburg,7,4,0,3,10,9,1,12,Bundesliga
7,8,Eintracht Frankfurt,7,2,4,1,6,5,1,10,Bundesliga
7,9,SC Freiburg,7,3,1,3,7,13,-6,10,Bundesliga
7,10,FC Heidenheim 1846,7,2,1,4,10,15,-5,7,Bundesliga
7,11,SV Darmstadt 98,7,2,1,4,12,19,-7,7,Bundesliga
7,12,M'gladbach,7,1,3,3,13,16,-3,6,Bundesliga
7,13,FC Union Berlin,7,2,0,5,11,14,-3,6,Bundesliga
7,14,Werder Bremen,7,2,0,5,12,17,-5,6,Bundesliga
7,15,FC Augsburg,7,1,2,4,10,17,-7,5,Bundesliga
7,16,Bochum,7,0,4,3,5,19,-14,4,Bundesliga
7,17,Mainz,7,0,2,5,6,19,-13,2,Bundesliga
7,18,Cologne,7,0,1,6,4,14,-10,1,Bundesliga
8,1,Bayer Leverkusen,8,7,1,0,25,7,18,22,Bundesliga
8,2,Stuttgart,8,7,0,1,25,8,17,21,Bundesliga
8,3,Bayern Munich,8,6,2,0,26,7,19,20,Bundesliga
8,4,Borussia Dortmund,8,6,2,0,17,8,9,20,Bundesliga
8,5,RB Leipzig,8,5,2,1,19,7,12,17,Bundesliga
8,6,Hoffenheim,8,5,0,3,17,14,3,15,Bundesliga
8,7,Eintracht Frankfurt,8,3,4,1,9,6,3,13,Bundesliga
8,8,SC Freiburg,8,4,1,3,9,14,-5,13,Bundesliga
8,9,Wolfsburg,8,4,0,4,11,11,0,12,Bundesliga
8,10,FC Augsburg,8,2,2,4,15,19,-4,8,Bundesliga
8,11,FC Heidenheim 1846,8,2,1,5,12,20,-8,7,Bundesliga
8,12,SV Darmstadt 98,8,2,1,5,13,22,-9,7,Bundesliga
8,13,M'gladbach,8,1,3,4,14,19,-5,6,Bundesliga
8,14,Werder Bremen,8,2,0,6,12,18,-6,6,Bundesliga
8,15,FC Union Berlin,8,2,0,6,11,17,-6,6,Bundesliga
8,16,Bochum,9,0,5,4,8,23,-15,5,Bundesliga
8,17,Cologne,8,1,1,6,7,15,-8,4,Bundesliga
8,18,Mainz,9,0,3,6,9,24,-15,3,Bundesliga
9,1,Bayer Leverkusen,9,8,1,0,27,8,19,25,Bundesliga
9,2,Bayern Munich,9,7,2,0,34,7,27,23,Bundesliga
9,3,Stuttgart,9,7,0,2,27,11,16,21,Bundesliga
9,4,Borussia Dortmund,9,6,3,0,20,11,9,21,Bundesliga
9,5,RB Leipzig,9,6,2,1,25,7,18,20,Bundesliga
9,6,Hoffenheim,9,6,0,3,20,16,4,18,Bundesliga
9,7,Eintracht Frankfurt,9,3,5,1,12,9,3,14,Bundesliga
9,8,SC Freiburg,9,4,1,4,10,16,-6,13,Bundesliga
9,9,Wolfsburg,9,4,0,5,13,14,-1,12,Bundesliga
9,10,FC Augsburg,9,3,2,4,18,21,-3,11,Bundesliga
9,11,M'gladbach,9,2,3,4,16,20,-4,9,Bundesliga
9,12,Werder Bremen,9,3,0,6,14,18,-4,9,Bundesliga
9,13,FC Heidenheim 1846,9,2,1,6,13,22,-9,7,Bundesliga
9,14,SV Darmstadt 98,9,2,1,6,13,30,-17,7,Bundesliga
9,15,FC Union Berlin,9,2,0,7,11,19,-8,6,Bundesliga
9,16,Bochum,9,0,5,4,8,23,-15,5,Bundesliga
9,17,Cologne,9,1,1,7,7,21,-14,4,Bundesliga
9,18,Mainz,9,0,3,6,9,24,-15,3,Bundesliga
10,1,Bayer Leverkusen,10,9,1,0,30,10,20,28,Bundesliga
10,2,Bayern Munich,10,8,2,0,38,7,31,26,Bundesliga
10,3,Stuttgart,10,7,0,3,27,13,14,21,Bundesliga
10,4,Borussia Dortmund,10,6,3,1,20,15,5,21,Bundesliga
10,5,RB Leipzig,10,6,2,2,25,9,16,20,Bundesliga
10,6,Hoffenheim,10,6,0,4,22,19,3,18,Bundesliga
10,7,Eintracht Frankfurt,10,4,5,1,15,9,6,17,Bundesliga
10,8,SC Freiburg,10,4,2,4,13,19,-6,14,Bundesliga
10,9,Wolfsburg,10,4,1,5,15,16,-1,13,Bundesliga
10,10,FC Augsburg,10,3,3,4,19,22,-3,12,Bundesliga
10,11,M'gladbach,10,2,4,4,19,23,-4,10,Bundesliga
10,12,Werder Bremen,10,3,1,6,16,20,-4,10,Bundesliga
10,13,FC Heidenheim 1846,10,3,1,6,15,22,-7,10,Bundesliga
10,14,Bochum,10,1,5,4,10,24,-14,8,Bundesliga
10,15,SV Darmstadt 98,10,2,1,7,14,32,-18,7,Bundesliga
10,16,FC Union Berlin,10,2,0,8,11,22,-11,6,Bundesliga
10,17,Mainz,10,1,3,6,11,24,-13,6,Bundesliga
10,18,Cologne,10,1,2,7,8,22,-14,5,Bundesliga
11,1,Bayer Leverkusen,11,10,1,0,34,10,24,31,Bundesliga
11,2,Bayern Munich,11,9,2,0,42,9,33,29,Bundesliga
11,3,Stuttgart,11,8,0,3,29,14,15,24,Bundesliga
11,4,RB Leipzig,11,7,2,2,28,10,18,23,Bundesliga
11,5,Borussia Dortmund,11,6,3,2,21,17,4,21,Bundesliga
11,6,Hoffenheim,11,6,1,4,23,20,3,19,Bundesliga
11,7,Eintracht Frankfurt,11,4,6,1,17,11,6,18,Bundesliga
11,8,SC Freiburg,11,4,2,5,14,22,-8,14,Bundesliga
11,9,M'gladbach,11,3,4,4,23,23,0,13,Bundesliga
11,10,FC Augsburg,11,3,4,4,20,23,-3,13,Bundesliga
11,11,Wolfsburg,11,4,1,6,15,20,-5,13,Bundesliga
11,12,Werder Bremen,11,3,2,6,18,22,-4,11,Bundesliga
11,13,FC Heidenheim 1846,11,3,1,7,17,26,-9,10,Bundesliga
11,14,Bochum,11,1,6,4,11,25,-14,9,Bundesliga
11,15,SV Darmstadt 98,11,2,2,7,14,32,-18,8,Bundesliga
11,16,Mainz,11,1,4,6,11,24,-13,7,Bundesliga
11,17,Cologne,11,1,3,7,9,23,-14,6,Bundesliga
11,18,FC Union Berlin,11,2,0,9,11,26,-15,6,Bundesliga
12,1,Bayer Leverkusen,12,11,1,0,37,10,27,34,Bundesliga
12,2,Bayern Munich,12,10,2,0,43,9,34,32,Bundesliga
12,3,Stuttgart,12,9,0,3,31,15,16,27,Bundesliga
12,4,Borussia Dortmund,12,7,3,2,25,19,6,24,Bundesliga
12,5,RB Leipzig,12,7,2,3,29,12,17,23,Bundesliga
12,6,Hoffenheim,12,6,2,4,24,21,3,20,Bundesliga
12,7,Eintracht Frankfurt,12,4,6,2,18,13,5,18,Bundesliga
12,8,Wolfsburg,12,5,1,6,17,21,-4,16,Bundesliga
12,9,SC Freiburg,12,4,3,5,15,23,-8,15,Bundesliga
12,10,FC Augsburg,12,3,5,4,21,24,-3,14,Bundesliga
12,11,M'gladbach,12,3,4,5,25,27,-2,13,Bundesliga
12,12,Werder Bremen,12,3,2,7,18,25,-7,11,Bundesliga
12,13,FC Heidenheim 1846,12,3,2,7,17,26,-9,11,Bundesliga
12,14,Bochum,12,1,7,4,11,25,-14,10,Bundesliga
12,15,SV Darmstadt 98,12,2,3,7,15,33,-18,9,Bundesliga
12,16,Mainz,12,1,5,6,12,25,-13,8,Bundesliga
12,17,FC Union Berlin,12,2,1,9,12,27,-15,7,Bundesliga
12,18,Cologne,12,1,3,8,9,24,-15,6,Bundesliga
13,1,Bayer Leverkusen,13,11,2,0,38,11,27,35,Bundesliga
13,2,Bayern Munich,12,10,2,0,43,9,34,32,Bundesliga
13,3,Stuttgart,13,10,0,3,33,15,18,30,Bundesliga
13,4,RB Leipzig,13,8,2,3,31,13,18,26,Bundesliga
13,5,Borussia Dortmund,13,7,4,2,26,20,6,25,Bundesliga
13,6,Hoffenheim,13,6,2,5,25,23,2,20,Bundesliga
13,7,Eintracht Frankfurt,13,4,6,3,19,15,4,18,Bundesliga
13,8,SC Freiburg,13,5,3,5,16,23,-7,18,Bundesliga
13,9,FC Augsburg,13,4,5,4,23,25,-2,17,Bundesliga
13,10,M'gladbach,13,4,4,5,27,28,-1,16,Bundesliga
13,11,Wolfsburg,13,5,1,7,18,24,-6,16,Bundesliga
13,12,Bochum,13,2,7,4,14,26,-12,13,Bundesliga
13,13,Werder Bremen,13,3,2,8,18,27,-9,11,Bundesliga
13,14,FC Heidenheim 1846,13,3,2,8,18,28,-10,11,Bundesliga
13,15,Cologne,13,2,3,8,10,24,-14,9,Bundesliga
13,16,SV Darmstadt 98,13,2,3,8,15,34,-19,9,Bundesliga
13,17,Mainz,13,1,5,7,12,26,-14,8,Bundesliga
13,18,FC Union Berlin,12,2,1,9,12,27,-15,7,Bundesliga
14,1,Bayer Leverkusen,14,11,3,0,39,12,27,36,Bundesliga
14,2,Bayern Munich,13,10,2,1,44,14,30,32,Bundesliga
14,3,Stuttgart,14,10,1,3,34,16,18,31,Bundesliga
14,4,RB Leipzig,14,9,2,3,34,15,19,29,Bundesliga
14,5,Borussia Dortmund,14,7,4,3,28,23,5,25,Bundesliga
14,6,Hoffenheim,14,7,2,5,28,24,4,23,Bundesliga
14,7,Eintracht Frankfurt,14,5,6,3,24,16,8,21,Bundesliga
14,8,SC Freiburg,14,6,3,5,17,23,-6,21,Bundesliga
14,9,FC Augsburg,14,4,5,5,23,27,-4,17,Bundesliga
14,10,M'gladbach,14,4,4,6,28,31,-3,16,Bundesliga
14,11,Wolfsburg,14,5,1,8,18,25,-7,16,Bundesliga
14,12,Werder Bremen,14,4,2,8,20,27,-7,14,Bundesliga
14,13,FC Heidenheim 1846,14,4,2,8,21,30,-9,14,Bundesliga
14,14,Bochum,14,2,7,5,15,29,-14,13,Bundesliga
14,15,FC Union Berlin,13,3,1,9,15,28,-13,10,Bundesliga
14,16,Cologne,14,2,4,8,10,24,-14,10,Bundesliga
14,17,Mainz,14,1,6,7,12,26,-14,9,Bundesliga
14,18,SV Darmstadt 98,14,2,3,9,17,37,-20,9,Bundesliga
15,1,Bayer Leverkusen,15,12,3,0,42,12,30,39,Bundesliga
15,2,Bayern Munich,14,11,2,1,47,14,33,35,Bundesliga
15,3,RB Leipzig,15,10,2,3,37,16,21,32,Bundesliga
15,4,Stuttgart,15,10,1,4,34,19,15,31,Bundesliga
15,5,Borussia Dortmund,15,7,5,3,29,24,5,26,Bundesliga
15,6,SC Freiburg,15,7,3,5,19,23,-4,24,Bundesliga
15,7,Hoffenheim,15,7,2,6,29,27,2,23,Bundesliga
15,8,Eintracht Frankfurt,15,5,6,4,24,19,5,21,Bundesliga
15,9,Wolfsburg,15,6,1,8,19,25,-6,19,Bundesliga
15,10,FC Augsburg,15,4,6,5,24,28,-4,18,Bundesliga
15,11,M'gladbach,15,4,5,6,30,33,-3,17,Bundesliga
15,12,FC Heidenheim 1846,15,5,2,8,22,30,-8,17,Bundesliga
15,13,Bochum,15,3,7,5,18,29,-11,16,Bundesliga
15,14,Werder Bremen,15,4,3,8,22,29,-7,15,Bundesliga
15,15,FC Union Berlin,14,3,1,10,15,31,-16,10,Bundesliga
15,16,Cologne,15,2,4,9,10,26,-16,10,Bundesliga
15,17,Mainz,15,1,6,8,12,27,-15,9,Bundesliga
15,18,SV Darmstadt 98,15,2,3,10,17,38,-21,9,Bundesliga
16,1,Bayer Leverkusen,16,13,3,0,46,12,34,42,Bundesliga
16,2,Bayern Munich,15,12,2,1,49,15,34,38,Bundesliga
16,3,Stuttgart,16,11,1,4,37,19,18,34,Bundesliga
16,4,RB Leipzig,16,10,3,3,38,17,21,33,Bundesliga
16,5,Borussia Dortmund,16,7,6,3,30,25,5,27,Bundesliga
16,6,Eintracht Frankfurt,16,6,6,4,26,20,6,24,Bundesliga
16,7,Hoffenheim,16,7,3,6,32,30,2,24,Bundesliga
16,8,SC Freiburg,16,7,3,6,21,26,-5,24,Bundesliga
16,9,FC Heidenheim 1846,16,6,2,8,25,32,-7,20,Bundesliga
16,10,Wolfsburg,16,6,1,9,20,27,-7,19,Bundesliga
16,11,FC Augsburg,16,4,6,6,24,31,-7,18,Bundesliga
16,12,M'gladbach,16,4,5,7,31,35,-4,17,Bundesliga
16,13,Werder Bremen,16,4,4,8,23,30,-7,16,Bundesliga
16,14,Bochum,16,3,7,6,18,33,-15,16,Bundesliga
16,15,FC Union Berlin,15,4,1,10,17,31,-14,13,Bundesliga
16,16,Mainz,16,1,7,8,13,28,-15,10,Bundesliga
16,17,Cologne,16,2,4,10,10,28,-18,10,Bundesliga
16,18,SV Darmstadt 98,16,2,4,10,20,41,-21,10,Bundesliga
16,1,Bayer Leverkusen,16,13,3,0,46,12,34,42,Bundesliga
16,2,Bayern Munich,15,12,2,1,49,15,34,38,Bundesliga
16,3,Stuttgart,16,11,1,4,37,19,18,34,Bundesliga
16,4,RB Leipzig,16,10,3,3,38,17,21,33,Bundesliga
16,5,Borussia Dortmund,16,7,6,3,30,25,5,27,Bundesliga
16,6,Eintracht Frankfurt,16,6,6,4,26,20,6,24,Bundesliga
16,7,Hoffenheim,16,7,3,6,32,30,2,24,Bundesliga
16,8,SC Freiburg,16,7,3,6,21,26,-5,24,Bundesliga
16,9,FC Heidenheim 1846,16,6,2,8,25,32,-7,20,Bundesliga
16,10,Wolfsburg,16,6,1,9,20,27,-7,19,Bundesliga
16,11,FC Augsburg,16,4,6,6,24,31,-7,18,Bundesliga
16,12,M'gladbach,16,4,5,7,31,35,-4,17,Bundesliga
16,13,Werder Bremen,16,4,4,8,23,30,-7,16,Bundesliga
16,14,Bochum,16,3,7,6,18,33,-15,16,Bundesliga
16,15,FC Union Berlin,15,4,1,10,17,31,-14,13,Bundesliga
16,16,Mainz,16,1,7,8,13,28,-15,10,Bundesliga
16,17,Cologne,16,2,4,10,10,28,-18,10,Bundesliga
16,18,SV Darmstadt 98,16,2,4,10,20,41,-21,10,Bundesliga
7,1,PSV Eindhoven,7,7,0,0,23,2,21,21,Eredivisie
7,2,AZ Alkmaar,7,6,1,0,20,3,17,19,Eredivisie
7,3,FC Twente,7,6,0,1,14,4,10,18,Eredivisie
7,4,Feyenoord,7,5,2,0,26,6,20,17,Eredivisie
7,5,Excelsior,7,3,3,1,14,11,3,12,Eredivisie
7,6,Sparta Rotterdam,7,3,2,2,10,9,1,11,Eredivisie
7,7,Heracles Almelo,7,3,2,2,12,13,-1,11,Eredivisie
7,8,Go Ahead Eagles,7,3,1,3,13,15,-2,10,Eredivisie
7,9,Fortuna Sittard,7,2,3,2,7,11,-4,9,Eredivisie
7,10,NEC Nijmegen,7,2,1,4,12,14,-2,7,Eredivisie
7,11,PEC Zwolle,7,2,1,4,7,12,-5,7,Eredivisie
7,12,RKC Waalwijk,6,2,0,4,5,13,-8,6,Eredivisie
7,13,Vitesse Arnhem,7,2,0,5,6,11,-5,6,Eredivisie
7,14,Heerenveen,7,2,0,5,9,17,-8,6,Eredivisie
7,15,Ajax,5,1,2,2,7,10,-3,5,Eredivisie
7,16,Almere City FC,7,1,1,5,6,18,-12,4,Eredivisie
7,17,FC Utrecht,7,1,0,6,4,16,-12,3,Eredivisie
7,18,FC Volendam,6,0,1,5,6,16,-10,1,Eredivisie
8,1,PSV Eindhoven,8,8,0,0,27,2,25,24,Eredivisie
8,2,AZ Alkmaar,8,7,1,0,22,4,18,22,Eredivisie
8,3,FC Twente,8,7,0,1,17,4,13,21,Eredivisie
8,4,Feyenoord,8,6,2,0,28,6,22,20,Eredivisie
8,5,Excelsior,8,3,4,1,14,11,3,13,Eredivisie
8,6,Go Ahead Eagles,8,4,1,3,17,15,2,13,Eredivisie
8,7,Sparta Rotterdam,8,3,2,3,10,13,-3,11,Eredivisie
8,8,Heracles Almelo,8,3,2,3,12,17,-5,11,Eredivisie
8,9,Fortuna Sittard,8,2,3,3,7,14,-7,9,Eredivisie
8,10,NEC Nijmegen,8,2,2,4,13,15,-2,8,Eredivisie
8,11,Vitesse Arnhem,8,2,1,5,6,11,-5,7,Eredivisie
8,12,PEC Zwolle,8,2,1,5,7,14,-7,7,Eredivisie
8,13,Heerenveen,8,2,1,5,10,18,-8,7,Eredivisie
8,14,Almere City FC,8,2,1,5,7,18,-11,7,Eredivisie
8,15,RKC Waalwijk,7,2,0,5,5,14,-9,6,Eredivisie
8,16,Ajax,6,1,2,3,8,12,-4,5,Eredivisie
8,17,FC Volendam,7,1,1,5,7,16,-9,4,Eredivisie
8,18,FC Utrecht,8,1,0,7,4,17,-13,3,Eredivisie
9,1,PSV Eindhoven,9,9,0,0,30,3,27,27,Eredivisie
9,2,AZ Alkmaar,9,8,1,0,25,4,21,25,Eredivisie
9,3,Feyenoord,9,7,2,0,32,6,26,23,Eredivisie
9,4,FC Twente,9,7,1,1,19,6,13,22,Eredivisie
9,5,Go Ahead Eagles,9,4,2,3,17,15,2,14,Eredivisie
9,6,Excelsior,9,3,4,2,16,15,1,13,Eredivisie
9,7,Sparta Rotterdam,9,3,3,3,10,13,-3,12,Eredivisie
9,8,Heracles Almelo,9,3,3,3,14,19,-5,12,Eredivisie
9,9,PEC Zwolle,10,3,2,5,12,17,-5,11,Eredivisie
9,10,RKC Waalwijk,8,3,0,5,7,15,-8,9,Eredivisie
9,11,NEC Nijmegen,9,2,3,4,14,16,-2,9,Eredivisie
9,12,Fortuna Sittard,9,2,3,4,8,17,-9,9,Eredivisie
9,13,Almere City FC,9,2,2,5,8,19,-11,8,Eredivisie
9,14,Vitesse Arnhem,10,2,2,6,7,16,-9,8,Eredivisie
9,15,Heerenveen,9,2,1,6,10,21,-11,7,Eredivisie
9,16,FC Utrecht,9,2,0,7,8,20,-12,6,Eredivisie
9,17,Ajax,7,1,2,4,11,16,-5,5,Eredivisie
9,18,FC Volendam,8,1,1,6,8,18,-10,4,Eredivisie
10,1,PSV Eindhoven,10,10,0,0,35,5,30,30,Eredivisie
10,2,AZ Alkmaar,9,8,1,0,25,4,21,25,Eredivisie
10,3,FC Twente,10,8,1,1,21,7,14,25,Eredivisie
10,4,Feyenoord,10,7,2,1,33,8,25,23,Eredivisie
10,5,Go Ahead Eagles,10,4,3,3,17,15,2,15,Eredivisie
10,6,Sparta Rotterdam,10,4,3,3,12,13,-1,15,Eredivisie
10,7,Excelsior,10,3,4,3,17,18,-1,13,Eredivisie
10,8,Heracles Almelo,10,3,3,4,14,22,-8,12,Eredivisie
10,9,PEC Zwolle,10,3,2,5,12,17,-5,11,Eredivisie
10,10,Heerenveen,10,3,1,6,13,21,-8,10,Eredivisie
10,11,Fortuna Sittard,10,2,4,4,8,17,-9,10,Eredivisie
10,12,NEC Nijmegen,9,2,3,4,14,16,-2,9,Eredivisie
10,13,RKC Waalwijk,9,3,0,6,7,17,-10,9,Eredivisie
10,14,Almere City FC,10,2,3,5,8,19,-11,9,Eredivisie
10,15,Vitesse Arnhem,10,2,2,6,7,16,-9,8,Eredivisie
10,16,FC Volendam,9,2,1,6,11,19,-8,7,Eredivisie
10,17,FC Utrecht,10,2,1,7,8,20,-12,7,Eredivisie
10,18,Ajax,8,1,2,5,13,21,-8,5,Eredivisie
11,1,PSV Eindhoven,11,11,0,0,41,5,36,33,Eredivisie
11,2,AZ Alkmaar,10,8,2,0,26,5,21,26,Eredivisie
11,3,Feyenoord,11,8,2,1,35,9,26,26,Eredivisie
11,4,FC Twente,11,8,2,1,22,8,14,26,Eredivisie
11,5,Go Ahead Eagles,11,5,3,3,22,16,6,18,Eredivisie
11,6,Sparta Rotterdam,11,4,3,4,13,15,-2,15,Eredivisie
11,7,Excelsior,11,3,5,3,18,19,-1,14,Eredivisie
11,8,PEC Zwolle,11,4,2,5,14,17,-3,14,Eredivisie
11,9,Almere City FC,11,3,3,5,10,20,-10,12,Eredivisie
11,10,Heracles Almelo,11,3,3,5,14,28,-14,12,Eredivisie
11,11,Ajax,10,3,2,5,19,22,-3,11,Eredivisie
11,12,NEC Nijmegen,10,2,4,4,17,19,-2,10,Eredivisie
11,13,Heerenveen,11,3,1,7,14,25,-11,10,Eredivisie
11,14,Fortuna Sittard,11,2,4,5,8,19,-11,10,Eredivisie
11,15,RKC Waalwijk,10,3,0,7,8,19,-11,9,Eredivisie
11,16,FC Volendam,11,2,2,7,14,24,-10,8,Eredivisie
11,17,FC Utrecht,11,2,2,7,9,21,-12,8,Eredivisie
11,18,Vitesse Arnhem,11,2,2,7,8,21,-13,8,Eredivisie
12,1,PSV Eindhoven,12,12,0,0,45,5,40,36,Eredivisie
12,2,Feyenoord,12,9,2,1,36,9,27,29,Eredivisie
12,3,FC Twente,12,8,3,1,25,11,14,27,Eredivisie
12,4,AZ Alkmaar,11,8,2,1,26,6,20,26,Eredivisie
12,5,Go Ahead Eagles,12,6,3,3,23,16,7,21,Eredivisie
12,6,Sparta Rotterdam,12,5,3,4,17,16,1,18,Eredivisie
12,7,Excelsior,12,3,6,3,20,21,-1,15,Eredivisie
12,8,PEC Zwolle,12,4,2,6,14,21,-7,14,Eredivisie
12,9,Fortuna Sittard,12,3,4,5,12,20,-8,13,Eredivisie
12,10,Heerenveen,12,4,1,7,17,26,-9,13,Eredivisie
12,11,Almere City FC,12,3,4,5,12,22,-10,13,Eredivisie
12,12,Ajax,11,3,3,5,21,24,-3,12,Eredivisie
12,13,Heracles Almelo,12,3,3,6,15,32,-17,12,Eredivisie
12,14,NEC Nijmegen,11,2,5,4,20,22,-2,11,Eredivisie
12,15,RKC Waalwijk,11,3,0,8,8,20,-12,9,Eredivisie
12,16,FC Utrecht,12,2,3,7,11,23,-12,9,Eredivisie
12,17,FC Volendam,12,2,2,8,15,28,-13,8,Eredivisie
12,18,Vitesse Arnhem,12,2,2,8,9,24,-15,8,Eredivisie
13,1,PSV Eindhoven,13,13,0,0,48,5,43,39,Eredivisie
13,2,Feyenoord,13,10,2,1,40,11,29,32,Eredivisie
13,3,AZ Alkmaar,12,9,2,1,29,6,23,29,Eredivisie
13,4,FC Twente,13,8,3,2,25,14,11,27,Eredivisie
13,5,Go Ahead Eagles,13,6,4,3,24,17,7,22,Eredivisie
13,6,Sparta Rotterdam,13,5,3,5,18,18,0,18,Eredivisie
13,7,Heerenveen,13,5,1,7,20,26,-6,16,Eredivisie
13,8,Ajax,12,4,3,5,26,24,2,15,Eredivisie
13,9,Excelsior,13,3,6,4,22,25,-3,15,Eredivisie
13,10,Heracles Almelo,13,4,3,6,20,32,-12,15,Eredivisie
13,11,PEC Zwolle,13,4,2,7,15,23,-8,14,Eredivisie
13,12,Fortuna Sittard,13,3,4,6,12,23,-11,13,Eredivisie
13,13,Almere City FC,13,3,4,6,12,27,-15,13,Eredivisie
13,14,NEC Nijmegen,12,2,6,4,21,23,-2,12,Eredivisie
13,15,RKC Waalwijk,12,4,0,8,10,21,-11,12,Eredivisie
13,16,FC Utrecht,13,3,3,7,13,24,-11,12,Eredivisie
13,17,FC Volendam,13,2,2,9,15,31,-16,8,Eredivisie
13,18,Vitesse Arnhem,13,2,2,9,9,29,-20,8,Eredivisie
14,4,FC Twente,14,9,3,2,28,15,13,30,Eredivisie
14,5,Go Ahead Eagles,14,6,4,4,25,20,5,22,Eredivisie
14,9,PEC Zwolle,14,5,2,7,20,23,-3,17,Eredivisie
14,10,Excelsior,14,3,7,4,24,27,-3,16,Eredivisie
14,11,Fortuna Sittard,14,4,4,6,15,24,-9,16,Eredivisie
14,14,FC Utrecht,14,3,4,7,14,25,-11,13,Eredivisie
14,1,PSV Eindhoven,15,15,0,0,52,6,46,45,Eredivisie
14,2,Feyenoord,15,11,2,2,44,14,30,35,Eredivisie
14,3,AZ Alkmaar,14,9,3,2,31,9,22,30,Eredivisie
14,6,Ajax,14,6,3,5,31,27,4,21,Eredivisie
14,7,Sparta Rotterdam,14,6,3,5,19,18,1,21,Eredivisie
14,8,Heerenveen,15,6,1,8,23,28,-5,19,Eredivisie
14,12,NEC Nijmegen,14,3,6,5,24,26,-2,15,Eredivisie
14,13,Heracles Almelo,14,4,3,7,20,33,-13,15,Eredivisie
14,15,RKC Waalwijk,14,4,1,9,14,26,-12,13,Eredivisie
14,16,Almere City FC,14,3,4,7,12,30,-18,13,Eredivisie
14,17,Vitesse Arnhem,14,2,2,10,10,32,-22,8,Eredivisie
14,18,FC Volendam,15,2,2,11,16,39,-23,8,Eredivisie
15,1,PSV Eindhoven,15,15,0,0,52,6,46,45,Eredivisie
15,2,Feyenoord,15,11,2,2,44,14,30,35,Eredivisie
15,3,AZ Alkmaar,15,10,3,2,35,10,25,33,Eredivisie
15,4,FC Twente,15,10,3,2,32,17,15,33,Eredivisie
15,5,Ajax,15,7,3,5,33,28,5,24,Eredivisie
15,6,Go Ahead Eagles,15,6,4,5,25,22,3,22,Eredivisie
15,7,Sparta Rotterdam,15,6,3,6,20,20,0,21,Eredivisie
15,8,Heerenveen,15,6,1,8,23,28,-5,19,Eredivisie
15,9,Fortuna Sittard,15,5,4,6,16,24,-8,19,Eredivisie
15,10,NEC Nijmegen,15,4,6,5,27,27,0,18,Eredivisie
15,11,PEC Zwolle,15,5,2,8,21,26,-5,17,Eredivisie
15,12,Excelsior,15,3,7,5,26,31,-5,16,Eredivisie
15,13,FC Utrecht,15,4,4,7,16,25,-9,16,Eredivisie
15,14,Heracles Almelo,15,4,3,8,20,35,-15,15,Eredivisie
15,15,RKC Waalwijk,15,4,1,10,14,27,-13,13,Eredivisie
15,16,Almere City FC,15,3,4,8,13,34,-21,13,Eredivisie
15,17,Vitesse Arnhem,15,3,2,10,12,32,-20,11,Eredivisie
15,18,FC Volendam,15,2,2,11,16,39,-23,8,Eredivisie
16,1,PSV Eindhoven,16,16,0,0,56,6,50,48,Eredivisie
16,2,Feyenoord,16,12,2,2,48,14,34,38,Eredivisie
16,3,FC Twente,16,10,4,2,34,19,15,34,Eredivisie
16,4,AZ Alkmaar,16,10,3,3,35,14,21,33,Eredivisie
16,5,Ajax,16,7,4,5,35,30,5,25,Eredivisie
16,6,Go Ahead Eagles,16,6,5,5,26,23,3,23,Eredivisie
16,7,Sparta Rotterdam,16,6,4,6,22,22,0,22,Eredivisie
16,8,NEC Nijmegen,16,5,6,5,31,28,3,21,Eredivisie
16,9,Heerenveen,16,6,1,9,24,30,-6,19,Eredivisie
16,10,Fortuna Sittard,16,5,4,7,17,28,-11,19,Eredivisie
16,11,PEC Zwolle,16,5,3,8,23,28,-5,18,Eredivisie
16,12,Excelsior,16,3,8,5,27,32,-5,17,Eredivisie
16,13,FC Utrecht,16,4,5,7,17,26,-9,17,Eredivisie
16,14,Almere City FC,16,4,4,8,18,34,-16,16,Eredivisie
16,15,Heracles Almelo,16,4,3,9,20,39,-19,15,Eredivisie
16,16,RKC Waalwijk,16,4,2,10,15,28,-13,14,Eredivisie
16,17,FC Volendam,16,3,2,11,18,40,-22,11,Eredivisie
16,18,Vitesse Arnhem,16,3,2,11,12,37,-25,11,Eredivisie
16,1,PSV Eindhoven,16,16,0,0,56,6,50,48,Eredivisie
16,2,Feyenoord,16,12,2,2,48,14,34,38,Eredivisie
16,3,FC Twente,16,10,4,2,34,19,15,34,Eredivisie
16,4,AZ Alkmaar,16,10,3,3,35,14,21,33,Eredivisie
16,5,Ajax,16,7,4,5,35,30,5,25,Eredivisie
16,6,Go Ahead Eagles,16,6,5,5,26,23,3,23,Eredivisie
16,7,Sparta Rotterdam,16,6,4,6,22,22,0,22,Eredivisie
16,8,NEC Nijmegen,16,5,6,5,31,28,3,21,Eredivisie
16,9,Heerenveen,16,6,1,9,24,30,-6,19,Eredivisie
16,10,Fortuna Sittard,16,5,4,7,17,28,-11,19,Eredivisie
16,11,PEC Zwolle,16,5,3,8,23,28,-5,18,Eredivisie
16,12,Excelsior,16,3,8,5,27,32,-5,17,Eredivisie
16,13,FC Utrecht,16,4,5,7,17,26,-9,17,Eredivisie
16,14,Almere City FC,16,4,4,8,18,34,-16,16,Eredivisie
16,15,Heracles Almelo,16,4,3,9,20,39,-19,15,Eredivisie
16,16,RKC Waalwijk,16,4,2,10,15,28,-13,14,Eredivisie
16,17,FC Volendam,16,3,2,11,18,40,-22,11,Eredivisie
16,18,Vitesse Arnhem,16,3,2,11,12,37,-25,11,Eredivisie
1,1,Rennes,1,1,0,0,5,1,4,3,Ligue 1
1,2,Monaco,1,1,0,0,4,2,2,3,Ligue 1
1,3,Brest,1,1,0,0,3,2,1,3,Ligue 1
1,4,Marseille,1,1,0,0,2,1,1,3,Ligue 1
1,5,Strasbourg,1,1,0,0,2,1,1,3,Ligue 1
1,6,Toulouse,1,1,0,0,2,1,1,3,Ligue 1
1,7,Le Havre,1,0,1,0,2,2,0,1,Ligue 1
1,8,Montpellier,1,0,1,0,2,2,0,1,Ligue 1
1,9,Lille,1,0,1,0,1,1,0,1,Ligue 1
1,10,Nice,1,0,1,0,1,1,0,1,Ligue 1
1,11,Lorient,1,0,1,0,0,0,0,1,Ligue 1
1,12,Paris Saint-Germain,1,0,1,0,0,0,0,1,Ligue 1
1,13,RC Lens,1,0,0,1,2,3,-1,0,Ligue 1
1,14,Nantes,1,0,0,1,1,2,-1,0,Ligue 1
1,15,Lyon,1,0,0,1,1,2,-1,0,Ligue 1
1,16,Reims,1,0,0,1,1,2,-1,0,Ligue 1
1,17,Clermont,1,0,0,1,2,4,-2,0,Ligue 1
1,18,Metz,1,0,0,1,1,5,-4,0,Ligue 1
2,1,Monaco,2,2,0,0,7,2,5,6,Ligue 1
2,2,Brest,2,2,0,0,5,3,2,6,Ligue 1
2,3,Rennes,2,1,1,0,6,2,4,4,Ligue 1
2,4,Montpellier,2,1,1,0,6,3,3,4,Ligue 1
2,5,Lille,2,1,1,0,3,1,2,4,Ligue 1
2,6,Marseille,2,1,1,0,4,3,1,4,Ligue 1
2,7,Toulouse,2,1,1,0,3,2,1,4,Ligue 1
2,8,Reims,2,1,0,1,3,2,1,3,Ligue 1
2,9,Strasbourg,2,1,0,1,2,4,-2,3,Ligue 1
2,10,Nice,2,0,2,0,2,2,0,2,Ligue 1
2,11,Lorient,2,0,2,0,1,1,0,2,Ligue 1
2,12,Paris Saint-Germain,2,0,2,0,1,1,0,2,Ligue 1
2,13,Le Havre,2,0,1,1,3,4,-1,1,Ligue 1
2,14,RC Lens,2,0,1,1,3,4,-1,1,Ligue 1
2,15,Metz,2,0,1,1,3,7,-4,1,Ligue 1
2,16,Nantes,2,0,0,2,1,4,-3,0,Ligue 1
2,17,Clermont,2,0,0,2,2,6,-4,0,Ligue 1
2,18,Lyon,2,0,0,2,2,6,-4,0,Ligue 1
3,1,Monaco,3,2,1,0,10,5,5,7,Ligue 1
3,2,Marseille,3,2,1,0,6,3,3,7,Ligue 1
3,3,Reims,3,2,0,1,6,3,3,6,Ligue 1
3,4,Brest,3,2,0,1,5,5,0,6,Ligue 1
3,5,Strasbourg,3,2,0,1,4,4,0,6,Ligue 1
3,6,Rennes,3,1,2,0,8,4,4,5,Ligue 1
3,7,Lorient,3,1,2,0,5,2,3,5,Ligue 1
3,8,Paris Saint-Germain,3,1,2,0,4,2,2,5,Ligue 1
3,9,Montpellier,3,1,1,1,7,6,1,4,Ligue 1
3,10,Lille,3,1,1,1,4,5,-1,4,Ligue 1
3,11,Toulouse,3,1,1,1,3,4,-1,4,Ligue 1
3,12,Metz,3,1,1,1,4,7,-3,4,Ligue 1
3,13,Nice,3,0,3,0,2,2,0,3,Ligue 1
3,14,Le Havre,3,0,2,1,5,6,-1,2,Ligue 1
3,15,RC Lens,3,0,1,2,4,7,-3,1,Ligue 1
3,16,Nantes,3,0,1,2,4,7,-3,1,Ligue 1
3,17,Lyon,3,0,1,2,2,6,-4,1,Ligue 1
3,18,Clermont,3,0,0,3,2,7,-5,0,Ligue 1
4,1,Monaco,4,3,1,0,13,5,8,10,Ligue 1
4,2,Paris Saint-Germain,4,2,2,0,8,3,5,8,Ligue 1
4,3,Marseille,4,2,2,0,7,4,3,8,Ligue 1
4,4,Reims,4,2,1,1,8,5,3,7,Ligue 1
4,5,Lille,4,2,1,1,5,5,0,7,Ligue 1
4,6,Brest,4,2,1,1,5,5,0,7,Ligue 1
4,7,Rennes,4,1,3,0,8,4,4,6,Ligue 1
4,8,Nice,4,1,3,0,4,2,2,6,Ligue 1
4,9,Strasbourg,4,2,0,2,4,6,-2,6,Ligue 1
4,10,Le Havre,4,1,2,1,8,6,2,5,Ligue 1
4,11,Lorient,4,1,2,1,5,5,0,5,Ligue 1
4,12,Toulouse,4,1,2,1,5,6,-1,5,Ligue 1
4,13,Metz,4,1,2,1,6,9,-3,5,Ligue 1
4,14,Montpellier,4,1,1,2,7,7,0,4,Ligue 1
4,15,Nantes,4,0,2,2,5,8,-3,2,Ligue 1
4,16,Clermont,4,0,1,3,4,9,-5,1,Ligue 1
4,17,RC Lens,4,0,1,3,4,10,-6,1,Ligue 1
4,18,Lyon,4,0,1,3,3,10,-7,1,Ligue 1
5,1,Monaco,5,3,2,0,15,7,8,11,Ligue 1
5,2,Brest,5,3,1,1,7,6,1,10,Ligue 1
5,3,Nice,5,2,3,0,7,4,3,9,Ligue 1
5,4,Marseille,5,2,3,0,7,4,3,9,Ligue 1
5,5,Paris Saint-Germain,5,2,2,1,10,6,4,8,Ligue 1
5,6,Lille,5,2,2,1,7,7,0,8,Ligue 1
5,7,Metz,5,2,2,1,7,9,-2,8,Ligue 1
5,8,Rennes,5,1,4,0,10,6,4,7,Ligue 1
5,9,Reims,5,2,1,2,9,7,2,7,Ligue 1
5,10,Strasbourg,5,2,1,2,6,8,-2,7,Ligue 1
5,11,Le Havre,5,1,3,1,8,6,2,6,Ligue 1
5,12,Lorient,5,1,3,1,7,7,0,6,Ligue 1
5,13,Toulouse,5,1,3,1,5,6,-1,6,Ligue 1
5,14,Montpellier,5,1,2,2,9,9,0,5,Ligue 1
5,15,Nantes,5,1,2,2,6,8,-2,5,Ligue 1
5,16,Lyon,5,0,2,3,3,10,-7,2,Ligue 1
5,17,Clermont,5,0,1,4,4,10,-6,1,Ligue 1
5,18,RC Lens,5,0,1,4,4,11,-7,1,Ligue 1
6,1,Brest,6,4,1,1,8,6,2,13,Ligue 1
6,2,Nice,6,3,3,0,8,4,4,12,Ligue 1
6,3,Paris Saint-Germain,6,3,2,1,14,6,8,11,Ligue 1
6,4,Monaco,6,3,2,1,15,8,7,11,Ligue 1
6,5,Reims,6,3,1,2,11,8,3,10,Ligue 1
6,6,Strasbourg,6,3,1,2,7,8,-1,10,Ligue 1
6,7,Le Havre,6,2,3,1,10,7,3,9,Ligue 1
6,8,Marseille,6,2,3,1,7,8,-1,9,Ligue 1
6,9,Rennes,6,1,5,0,10,6,4,8,Ligue 1
6,10,Nantes,6,2,2,2,11,11,0,8,Ligue 1
6,11,Lille,6,2,2,2,8,9,-1,8,Ligue 1
6,12,Metz,6,2,2,2,7,10,3,8,Ligue 1
6,13,Montpellier,6,1,3,2,9,9,0,6,Ligue 1
6,14,Lorient,6,1,3,2,10,12,-2,6,Ligue 1
6,15,Toulouse,6,1,3,2,6,8,-2,6,Ligue 1
6,16,RC Lens,6,1,1,4,6,12,-6,4,Ligue 1
6,17,Lyon,6,0,2,4,3,11,-8,2,Ligue 1
6,18,Clermont,6,0,1,5,5,12,-7,1,Ligue 1
7,1,Monaco,7,4,2,1,18,10,8,14,Ligue 1
7,2,Brest,7,4,2,1,8,6,2,14,Ligue 1
7,3,Reims,7,4,1,2,13,8,5,13,Ligue 1
7,4,Nice,7,3,4,0,8,4,4,13,Ligue 1
7,5,Paris Saint-Germain,7,3,3,1,14,6,8,12,Ligue 1
7,6,Rennes,7,2,5,0,13,7,6,11,Ligue 1
7,7,Lille,7,3,2,2,10,9,1,11,Ligue 1
7,8,Strasbourg,7,3,1,3,7,9,-2,10,Ligue 1
7,9,Montpellier,7,2,3,2,12,9,3,9,Ligue 1
7,10,Le Havre,7,2,3,2,10,9,1,9,Ligue 1
7,11,Toulouse,7,2,3,2,9,8,1,9,Ligue 1
7,12,Marseille,7,2,3,2,9,11,-2,9,Ligue 1
7,13,Nantes,7,2,2,3,12,14,-2,8,Ligue 1
7,14,Metz,7,2,2,3,7,13,-6,8,Ligue 1
7,15,RC Lens,7,2,1,4,7,12,-5,7,Ligue 1
7,16,Lorient,7,1,3,3,10,15,-5,6,Ligue 1
7,17,Clermont,7,0,2,5,5,12,-7,2,Ligue 1
7,18,Lyon,7,0,2,5,3,13,-10,2,Ligue 1
8,1,Monaco,8,5,2,1,21,11,10,17,Ligue 1
8,2,Nice,8,4,4,0,9,4,5,16,Ligue 1
8,3,Paris Saint-Germain,8,4,3,1,17,7,10,15,Ligue 1
8,4,Brest,8,4,3,1,9,7,2,15,Ligue 1
8,5,Reims,8,4,1,3,14,11,3,13,Ligue 1
8,6,Marseille,8,3,3,2,12,11,1,12,Ligue 1
8,7,Lille,8,3,3,2,11,10,1,12,Ligue 1
8,8,Rennes,8,2,5,1,14,10,4,11,Ligue 1
8,9,Nantes,8,3,2,3,14,15,-1,11,Ligue 1
8,10,Toulouse,8,2,4,2,10,9,1,10,Ligue 1
8,11,Strasbourg,8,3,1,4,8,11,-3,10,Ligue 1
8,12,Montpellier,7,2,3,2,12,9,3,9,Ligue 1
8,13,Le Havre,8,2,3,3,10,12,-2,9,Ligue 1
8,14,RC Lens,8,2,2,4,8,13,-5,8,Ligue 1
8,15,Metz,8,2,2,4,7,14,-7,8,Ligue 1
8,16,Lorient,8,1,4,3,13,18,-5,7,Ligue 1
8,17,Lyon,8,0,3,5,6,16,-10,3,Ligue 1
8,18,Clermont,7,0,2,5,5,12,-7,2,Ligue 1
9,1,Nice,10,6,4,0,11,4,7,22,Ligue 1
9,2,Monaco,9,6,2,1,23,12,11,20,Ligue 1
9,3,Paris Saint-Germain,9,5,3,1,20,7,13,18,Ligue 1
9,4,Lille,9,4,3,2,12,10,2,15,Ligue 1
9,5,Brest,9,4,3,2,9,8,1,15,Ligue 1
9,6,Reims,9,4,2,3,15,12,3,14,Ligue 1
9,7,Nantes,9,4,2,3,16,15,1,14,Ligue 1
9,8,Marseille,9,3,3,3,12,12,0,12,Ligue 1
9,9,Rennes,9,2,5,2,15,12,3,11,Ligue 1
9,10,Toulouse,9,2,5,2,11,10,1,11,Ligue 1
9,11,Le Havre,9,2,4,3,10,12,-2,10,Ligue 1
9,12,Lorient,9,2,4,3,15,19,-4,10,Ligue 1
9,13,Strasbourg,9,3,1,5,8,14,-6,10,Ligue 1
9,14,Montpellier,9,2,4,3,12,11,1,9,Ligue 1
9,15,RC Lens,9,2,3,4,8,13,-5,9,Ligue 1
9,16,Metz,9,2,2,5,8,16,-8,8,Ligue 1
9,17,Clermont,10,1,3,6,7,14,-7,6,Ligue 1
9,18,Lyon,9,0,3,6,7,18,-11,3,Ligue 1
10,1,Nice,10,6,4,0,11,4,7,22,Ligue 1
10,2,Paris Saint-Germain,10,6,3,1,23,9,14,21,Ligue 1
10,3,Monaco,10,6,2,2,23,14,9,20,Ligue 1
10,4,Lille,10,5,3,2,14,10,4,18,Ligue 1
10,5,Reims,10,5,2,3,16,12,4,17,Ligue 1
10,6,Brest,10,4,3,3,11,11,0,15,Ligue 1
10,7,Nantes,10,4,2,4,16,19,-3,14,Ligue 1
10,8,Rennes,10,2,6,2,16,13,3,12,Ligue 1
10,9,Marseille,9,3,3,3,12,12,0,12,Ligue 1
10,10,RC Lens,10,3,3,4,12,13,-1,12,Ligue 1
10,11,Montpellier,9,3,3,3,15,11,4,11,Ligue 1
10,12,Toulouse,10,2,5,3,11,13,-2,11,Ligue 1
10,13,Le Havre,10,2,5,3,10,12,-2,11,Ligue 1
10,14,Strasbourg,10,3,2,5,9,15,-6,11,Ligue 1
10,15,Lorient,10,2,4,4,15,20,-5,10,Ligue 1
10,16,Metz,10,2,3,5,8,16,-8,9,Ligue 1
10,17,Clermont,9,1,2,6,7,14,-7,5,Ligue 1
10,18,Lyon,9,0,3,6,7,18,-11,3,Ligue 1
11,1,Nice,11,7,4,0,13,4,9,25,Ligue 1
11,2,Paris Saint-Germain,11,7,3,1,26,9,17,24,Ligue 1
11,3,Monaco,11,7,2,2,25,14,11,23,Ligue 1
11,4,Reims,11,6,2,3,17,12,5,20,Ligue 1
11,5,Lille,11,5,4,2,14,10,4,19,Ligue 1
11,6,Brest,11,4,3,4,11,13,-2,15,Ligue 1
11,7,Le Havre,11,3,5,3,12,13,-1,14,Ligue 1
11,8,Nantes,11,4,2,5,16,20,-4,14,Ligue 1
11,9,Marseille,10,3,4,3,12,12,0,13,Ligue 1
11,10,RC Lens,11,3,4,4,12,13,-1,13,Ligue 1
11,11,Rennes,11,2,6,3,16,15,1,12,Ligue 1
11,12,Strasbourg,11,3,3,5,9,15,-6,12,Ligue 1
11,13,Montpellier,10,3,3,4,15,14,1,11,Ligue 1
11,14,Toulouse,11,2,5,4,12,15,-3,11,Ligue 1
11,15,Lorient,11,2,5,4,15,20,-5,11,Ligue 1
11,16,Metz,11,2,4,5,9,17,-8,10,Ligue 1
11,17,Clermont,10,1,3,6,7,14,-7,6,Ligue 1
11,18,Lyon,10,0,4,6,8,19,-11,4,Ligue 1
12,1,Paris Saint-Germain,12,8,3,1,29,9,20,27,Ligue 1
12,2,Nice,12,7,5,0,13,4,9,26,Ligue 1
12,3,Monaco,12,7,3,2,25,14,11,24,Ligue 1
12,4,Lille,12,5,5,2,15,11,4,20,Ligue 1
12,5,Reims,12,6,2,4,17,15,2,20,Ligue 1
12,6,RC Lens,12,4,4,4,13,13,0,16,Ligue 1
12,7,Le Havre,12,3,6,3,12,13,-1,15,Ligue 1
12,8,Brest,11,4,3,4,11,13,-2,15,Ligue 1
12,9,Nantes,12,4,2,6,17,23,-6,14,Ligue 1
12,10,Marseille,11,3,4,4,12,13,-1,13,Ligue 1
12,11,Metz,12,3,4,5,12,18,-6,13,Ligue 1
12,12,Montpellier,11,3,4,4,15,14,1,12,Ligue 1
12,13,Rennes,12,2,6,4,16,16,0,12,Ligue 1
12,14,Toulouse,12,2,6,4,13,16,-3,12,Ligue 1
12,15,Strasbourg,11,3,3,5,9,15,-6,12,Ligue 1
12,16,Lorient,12,2,5,5,15,21,-6,11,Ligue 1
12,17,Clermont,11,2,3,6,8,14,-6,9,Ligue 1
12,18,Lyon,11,1,4,6,9,19,-10,7,Ligue 1
13,1,Paris Saint-Germain,13,9,3,1,34,11,23,30,Ligue 1
13,2,Nice,13,8,5,0,14,4,10,29,Ligue 1
13,3,Monaco,13,7,3,3,27,19,8,24,Ligue 1
13,4,Lille,13,6,5,2,17,11,6,23,Ligue 1
13,5,Reims,13,6,2,5,18,18,0,20,Ligue 1
13,6,RC Lens,13,5,4,4,16,13,3,19,Ligue 1
13,7,Brest,12,5,3,4,14,14,0,18,Ligue 1
13,8,Le Havre,13,3,7,3,12,13,-1,16,Ligue 1
13,9,Metz,13,4,4,5,15,20,-5,16,Ligue 1
13,10,Rennes,13,3,6,4,19,17,2,15,Ligue 1
13,11,Nantes,13,4,3,6,17,23,-6,15,Ligue 1
13,12,Marseille,12,3,5,4,13,14,-1,14,Ligue 1
13,13,Strasbourg,12,3,4,5,10,16,-6,13,Ligue 1
13,14,Montpellier,12,3,4,5,16,17,-1,12,Ligue 1
13,15,Toulouse,13,2,6,5,13,17,-4,12,Ligue 1
13,16,Lorient,13,2,5,6,17,24,-7,11,Ligue 1
13,17,Clermont,12,2,3,7,8,17,-9,9,Ligue 1
13,18,Lyon,12,1,4,7,9,21,-12,7,Ligue 1
14,1,Paris Saint-Germain,14,10,3,1,36,11,25,33,Ligue 1
14,2,Nice,14,8,5,1,14,5,9,29,Ligue 1
14,3,Monaco,14,8,3,3,29,19,10,27,Ligue 1
14,4,Lille,14,7,5,2,19,11,8,26,Ligue 1
14,5,Reims,14,7,2,5,20,19,1,23,Ligue 1
14,6,RC Lens,14,6,4,4,19,15,4,22,Ligue 1
14,10,Le Havre,14,3,7,4,12,15,-3,16,Ligue 1
14,11,Metz,14,4,4,6,15,22,-7,16,Ligue 1
14,12,Rennes,14,3,6,5,19,19,0,15,Ligue 1
14,16,Lorient,14,2,6,6,18,25,-7,12,Ligue 1
14,17,Clermont,14,2,4,8,9,21,-12,10,Ligue 1
14,7,Brest,14,6,4,4,18,15,3,22,Ligue 1
14,8,Marseille,14,5,5,4,18,14,4,20,Ligue 1
14,9,Nantes,14,5,3,6,18,23,-5,18,Ligue 1
14,13,Strasbourg,14,3,5,6,12,19,-7,14,Ligue 1
14,14,Montpellier,14,3,5,6,17,20,-3,13,Ligue 1
14,15,Toulouse,14,2,7,5,14,18,-4,13,Ligue 1
14,18,Lyon,14,1,4,9,11,27,-16,7,Ligue 1
15,1,Paris Saint-Germain,15,11,3,1,38,12,26,36,Ligue 1
15,2,Nice,15,9,5,1,16,6,10,32,Ligue 1
15,3,Monaco,15,9,3,3,31,20,11,30,Ligue 1
15,4,Lille,15,7,6,2,19,11,8,27,Ligue 1
15,5,Brest,15,7,4,4,19,15,4,25,Ligue 1
15,6,Marseille,15,6,5,4,22,16,6,23,Ligue 1
15,7,RC Lens,15,6,5,4,19,15,4,23,Ligue 1
15,8,Reims,15,7,2,6,21,21,0,23,Ligue 1
15,9,Nantes,15,5,3,7,19,25,-6,18,Ligue 1
15,10,Strasbourg,15,4,5,6,14,20,-6,17,Ligue 1
15,11,Le Havre,15,3,7,5,13,17,-4,16,Ligue 1
15,12,Metz,15,4,4,7,15,23,-8,16,Ligue 1
15,13,Rennes,15,3,6,6,20,21,-1,15,Ligue 1
15,14,Montpellier,15,3,6,6,17,20,-3,14,Ligue 1
15,15,Toulouse,15,2,7,6,14,21,-7,13,Ligue 1
15,16,Lorient,15,2,6,7,20,29,-9,12,Ligue 1
15,17,Clermont,15,2,5,8,9,21,-12,11,Ligue 1
15,18,Lyon,15,2,4,9,14,27,-13,10,Ligue 1
16,1,Paris Saint-Germain,16,11,4,1,39,13,26,37,Ligue 1
16,2,Nice,16,9,5,2,17,9,8,32,Ligue 1
16,3,Monaco,16,9,3,4,31,21,10,30,Ligue 1
16,4,Lille,16,7,7,2,20,12,8,28,Ligue 1
16,5,Brest,16,8,4,4,21,15,6,28,Ligue 1
16,6,Marseille,16,7,5,4,24,17,7,26,Ligue 1
16,7,RC Lens,16,7,5,4,21,15,6,26,Ligue 1
16,8,Reims,16,7,2,7,21,23,-2,23,Ligue 1
16,9,Strasbourg,16,5,5,6,16,21,-5,20,Ligue 1
16,10,Le Havre,16,4,7,5,16,18,-2,19,Ligue 1
16,11,Nantes,16,5,3,8,19,27,-8,18,Ligue 1
16,12,Montpellier,16,4,6,6,18,20,-2,17,Ligue 1
16,13,Rennes,16,3,7,6,20,21,-1,16,Ligue 1
16,14,Metz,16,4,4,8,15,24,-9,16,Ligue 1
16,15,Toulouse,16,2,8,6,14,21,-7,14,Ligue 1
16,16,Lyon,16,3,4,9,15,27,-12,13,Ligue 1
16,17,Lorient,16,2,6,8,21,31,-10,12,Ligue 1
16,18,Clermont,16,2,5,9,10,23,-13,11,Ligue 1
17,1,Paris Saint-Germain,17,12,4,1,42,14,28,40,Ligue 1
17,2,Nice,17,10,5,2,19,9,10,35,Ligue 1
17,3,Monaco,17,10,3,4,33,22,11,33,Ligue 1
17,4,Brest,17,9,4,4,25,15,10,31,Ligue 1
17,5,Lille,17,7,7,3,21,14,7,28,Ligue 1
17,6,Marseille,17,7,6,4,25,18,7,27,Ligue 1
17,7,RC Lens,17,7,5,5,21,17,4,26,Ligue 1
17,8,Reims,17,8,2,7,22,23,-1,26,Ligue 1
17,9,Strasbourg,17,6,5,6,18,22,-4,23,Ligue 1
17,10,Rennes,17,4,7,6,23,22,1,19,Ligue 1
17,11,Le Havre,17,4,7,6,16,19,-3,19,Ligue 1
17,12,Montpellier,17,4,7,6,19,21,-2,18,Ligue 1
17,13,Nantes,17,5,3,9,19,28,-9,18,Ligue 1
17,14,Metz,17,4,4,9,16,27,-11,16,Ligue 1
17,15,Lyon,17,4,4,9,16,27,-11,16,Ligue 1
17,16,Toulouse,17,2,8,7,15,23,-8,14,Ligue 1
17,17,Lorient,17,2,6,9,21,35,-14,12,Ligue 1
17,18,Clermont,17,2,5,10,11,26,-15,11,Ligue 1
17,1,Paris Saint-Germain,17,12,4,1,42,14,28,40,Ligue 1
17,2,Nice,17,10,5,2,19,9,10,35,Ligue 1
17,3,Monaco,17,10,3,4,33,22,11,33,Ligue 1
17,4,Brest,17,9,4,4,25,15,10,31,Ligue 1
17,5,Lille,17,7,7,3,21,14,7,28,Ligue 1
17,6,Marseille,17,7,6,4,25,18,7,27,Ligue 1
17,7,RC Lens,17,7,5,5,21,17,4,26,Ligue 1
17,8,Reims,17,8,2,7,22,23,-1,26,Ligue 1
17,9,Strasbourg,17,6,5,6,18,22,-4,23,Ligue 1
17,10,Rennes,17,4,7,6,23,22,1,19,Ligue 1
17,11,Le Havre,17,4,7,6,16,19,-3,19,Ligue 1
17,12,Montpellier,17,4,7,6,19,21,-2,18,Ligue 1
17,13,Nantes,17,5,3,9,19,28,-9,18,Ligue 1
17,14,Metz,17,4,4,9,16,27,-11,16,Ligue 1
17,15,Lyon,17,4,4,9,16,27,-11,16,Ligue 1
17,16,Toulouse,17,2,8,7,15,23,-8,14,Ligue 1
17,17,Lorient,17,2,6,9,21,35,-14,12,Ligue 1
17,18,Clermont,17,2,5,10,11,26,-15,11,Ligue 1
1,1,Newcastle United,1,1,0,0,5,1,4,3,Premier League
1,2,Brighton and Hove Albion,1,1,0,0,4,1,3,3,Premier League
1,3,Manchester City,1,1,0,0,3,0,3,3,Premier League
1,4,Arsenal,1,1,0,0,2,1,1,3,Premier League
1,5,Crystal Palace,1,1,0,0,1,0,1,3,Premier League
1,6,Fulham,1,1,0,0,1,0,1,3,Premier League
1,7,Manchester United,1,1,0,0,1,0,1,3,Premier League
1,8,Brentford,1,0,1,0,2,2,0,1,Premier League
1,9,Tottenham Hotspur,1,0,1,0,2,2,0,1,Premier League
1,10,Bournemouth,1,0,1,0,1,1,0,1,Premier League
1,11,Chelsea,1,0,1,0,1,1,0,1,Premier League
1,12,Liverpool,1,0,1,0,1,1,0,1,Premier League
1,13,West Ham United,1,0,1,0,1,1,0,1,Premier League
1,14,Nottingham Forest,1,0,0,1,1,2,-1,0,Premier League
1,15,Everton,1,0,0,1,0,1,-1,0,Premier League
1,16,Sheffield United,1,0,0,1,0,1,-1,0,Premier League
1,17,Wolverhampton Wanderers,1,0,0,1,0,1,-1,0,Premier League
1,18,Luton Town,1,0,0,1,1,4,-3,0,Premier League
1,19,Burnley,1,0,0,1,0,3,-3,0,Premier League
1,20,Aston Villa,1,0,0,1,1,5,-4,0,Premier League
2,1,Brighton and Hove Albion,2,2,0,0,8,2,6,6,Premier League
2,2,Manchester City,2,2,0,0,4,0,4,6,Premier League
2,3,Arsenal,2,2,0,0,3,1,2,6,Premier League
2,4,Brentford,2,1,1,0,5,2,3,4,Premier League
2,5,Liverpool,2,1,1,0,4,2,2,4,Premier League
2,6,Tottenham Hotspur,2,1,1,0,4,2,2,4,Premier League
2,7,West Ham United,2,1,1,0,4,2,2,4,Premier League
2,8,Newcastle United,2,1,0,1,5,2,3,3,Premier League
2,9,Aston Villa,2,1,0,1,5,5,0,3,Premier League
2,10,Nottingham Forest,2,1,0,1,3,3,0,3,Premier League
2,11,Crystal Palace,2,1,0,1,1,1,0,3,Premier League
2,12,Manchester United,2,1,0,1,1,2,-1,3,Premier League
2,13,Fulham,2,1,0,1,1,3,-2,3,Premier League
2,14,Bournemouth,2,0,1,1,2,4,-2,1,Premier League
2,15,Chelsea,2,0,1,1,2,4,-2,1,Premier League
2,16,Sheffield United,2,0,0,2,1,3,-2,0,Premier League
2,17,Luton Town,1,0,0,1,1,4,-3,0,Premier League
2,18,Burnley,1,0,0,1,0,3,-3,0,Premier League
2,19,Wolverhampton Wanderers,2,0,0,2,1,5,-4,0,Premier League
2,20,Everton,2,0,0,2,0,5,-5,0,Premier League
3,1,Manchester City,3,3,0,0,6,1,5,9,Premier League
3,2,West Ham United,3,2,1,0,7,3,4,7,Premier League
3,3,Tottenham Hotspur,3,2,1,0,6,2,4,7,Premier League
3,4,Liverpool,3,2,1,0,6,3,3,7,Premier League
3,5,Arsenal,3,2,1,0,5,3,2,7,Premier League
3,6,Brighton and Hove Albion,3,2,0,1,9,5,4,6,Premier League
3,7,Aston Villa,3,2,0,1,8,6,2,6,Premier League
3,8,Manchester United,3,2,0,1,4,4,0,6,Premier League
3,9,Brentford,3,1,2,0,6,3,3,5,Premier League
3,10,Chelsea,3,1,1,1,5,4,1,4,Premier League
3,11,Crystal Palace,3,1,1,1,2,2,0,4,Premier League
3,12,Fulham,3,1,1,1,3,5,-2,4,Premier League
3,13,Newcastle United,3,1,0,2,6,4,2,3,Premier League
3,14,Nottingham Forest,3,1,0,2,5,6,-1,3,Premier League
3,15,Wolverhampton Wanderers,3,1,0,2,2,5,-3,3,Premier League
3,16,Bournemouth,3,0,1,2,2,6,-4,1,Premier League
3,17,Sheffield United,3,0,0,3,2,5,-3,0,Premier League
3,18,Burnley,2,0,0,2,1,6,-5,0,Premier League
3,19,Luton Town,2,0,0,2,1,7,-6,0,Premier League
3,20,Everton,3,0,0,3,0,6,-6,0,Premier League
4,1,Manchester City,4,4,0,0,11,2,9,12,Premier League
4,2,Tottenham Hotspur,4,3,1,0,11,4,7,10,Premier League
4,3,Liverpool,4,3,1,0,9,3,6,10,Premier League
4,4,West Ham United,4,3,1,0,9,4,5,10,Premier League
4,5,Arsenal,4,3,1,0,8,4,4,10,Premier League
4,6,Brighton and Hove Albion,4,3,0,1,12,6,6,9,Premier League
4,7,Crystal Palace,4,2,1,1,5,4,1,7,Premier League
4,8,Brentford,4,1,3,0,8,5,3,6,Premier League
4,9,Nottingham Forest,4,2,0,2,6,6,0,6,Premier League
4,10,Aston Villa,4,2,0,2,8,9,-1,6,Premier League
4,11,Manchester United,4,2,0,2,5,7,-2,6,Premier League
4,12,Chelsea,4,1,1,2,5,5,0,4,Premier League
4,13,Fulham,4,1,1,2,4,10,-6,4,Premier League
4,14,Newcastle United,4,1,0,3,7,7,0,3,Premier League
4,15,Wolverhampton Wanderers,4,1,0,3,4,8,-4,3,Premier League
4,16,Bournemouth,4,0,2,2,4,8,-4,2,Premier League
4,17,Sheffield United,4,0,1,3,4,7,-3,1,Premier League
4,18,Everton,4,0,1,3,2,8,-6,1,Premier League
4,19,Luton Town,3,0,0,3,2,9,-7,0,Premier League
4,20,Burnley,3,0,0,3,3,11,-8,0,Premier League
5,1,Manchester City,5,5,0,0,14,3,11,15,Premier League
5,2,Tottenham Hotspur,5,4,1,0,13,5,8,13,Premier League
5,3,Liverpool,5,4,1,0,12,4,8,13,Premier League
5,4,Arsenal,5,4,1,0,9,4,5,13,Premier League
5,5,Brighton and Hove Albion,5,4,0,1,15,7,8,12,Premier League
5,6,West Ham United,5,3,1,1,10,7,3,10,Premier League
5,7,Aston Villa,5,3,0,2,11,10,1,9,Premier League
5,8,Nottingham Forest,5,2,1,2,7,7,0,7,Premier League
5,9,Crystal Palace,5,2,1,2,6,7,-1,7,Premier League
5,10,Fulham,5,2,1,2,5,10,-5,7,Premier League
5,11,Brentford,5,1,3,1,8,6,2,6,Premier League
5,12,Newcastle United,5,2,0,3,8,7,1,6,Premier League
5,13,Manchester United,5,2,0,3,6,10,-4,6,Premier League
5,14,Chelsea,5,1,2,2,5,5,0,5,Premier League
5,15,Bournemouth,5,0,3,2,4,8,-4,3,Premier League
5,16,Wolverhampton Wanderers,5,1,0,4,5,11,-6,3,Premier League
5,17,Sheffield United,5,0,1,4,5,9,-4,1,Premier League
5,18,Everton,5,0,1,4,2,9,-7,1,Premier League
5,19,Burnley,4,0,1,3,4,12,-8,1,Premier League
5,20,Luton Town,4,0,0,4,2,10,-8,0,Premier League
6,1,Manchester City,6,6,0,0,16,3,13,18,Premier League
6,2,Liverpool,6,5,1,0,15,5,10,16,Premier League
6,3,Brighton and Hove Albion,6,5,0,1,18,8,10,15,Premier League
6,4,Tottenham Hotspur,6,4,2,0,15,7,8,14,Premier League
6,5,Arsenal,6,4,2,0,11,6,5,14,Premier League
6,6,Aston Villa,6,4,0,2,12,10,2,12,Premier League
6,7,West Ham United,6,3,1,2,11,10,1,10,Premier League
6,8,Newcastle United,6,3,0,3,16,7,9,9,Premier League
6,9,Manchester United,6,3,0,3,7,10,-3,9,Premier League
6,10,Crystal Palace,6,2,2,2,6,7,-1,8,Premier League
6,11,Fulham,6,2,2,2,5,10,-5,8,Premier League
6,12,Nottingham Forest,6,2,1,3,7,9,-2,7,Premier League
6,13,Brentford,6,1,3,2,9,9,0,6,Premier League
6,14,Chelsea,6,1,2,3,5,6,-1,5,Premier League
6,15,Everton,6,1,1,4,5,10,-5,4,Premier League
6,16,Wolverhampton Wanderers,6,1,1,4,6,12,-6,4,Premier League
6,17,Bournemouth,6,0,3,3,5,11,-6,3,Premier League
6,18,Luton Town,5,0,1,4,3,11,-8,1,Premier League
6,19,Burnley,5,0,1,4,4,13,-9,1,Premier League
6,20,Sheffield United,6,0,1,5,5,17,-12,1,Premier League
7,1,Manchester City,7,6,0,1,17,5,12,18,Premier League
7,2,Tottenham Hotspur,7,5,2,0,17,8,9,17,Premier League
7,3,Arsenal,7,5,2,0,15,6,9,17,Premier League
7,4,Liverpool,7,5,1,1,16,7,9,16,Premier League
7,5,Aston Villa,7,5,0,2,18,11,7,15,Premier League
7,6,Brighton and Hove Albion,7,5,0,2,19,14,5,15,Premier League
7,7,West Ham United,7,4,1,2,13,10,3,13,Premier League
7,8,Newcastle United,7,4,0,3,18,7,11,12,Premier League
7,9,Crystal Palace,7,3,2,2,7,7,0,11,Premier League
7,10,Manchester United,7,3,0,4,7,11,-4,9,Premier League
7,11,Chelsea,7,2,2,3,7,6,1,8,Premier League
7,12,Nottingham Forest,7,2,2,3,8,10,-2,8,Premier League
7,13,Fulham,7,2,2,3,5,12,-7,8,Premier League
7,14,Brentford,7,1,4,2,10,10,0,7,Premier League
7,15,Wolverhampton Wanderers,7,2,1,4,8,13,-5,7,Premier League
7,16,Everton,7,1,1,5,6,12,-6,4,Premier League
7,17,Luton Town,7,1,1,5,6,14,-8,4,Premier League
7,19,Bournemouth,7,0,3,4,5,15,-10,3,Premier League
7,18,Burnley,7,1,1,5,6,16,-10,4,Premier League
7,20,Sheffield United,7,0,1,6,5,19,-14,1,Premier League
8,1,Tottenham Hotspur,8,6,2,0,18,8,10,20,Premier League
8,2,Arsenal,8,6,2,0,16,6,10,20,Premier League
8,3,Manchester City,8,6,0,2,17,6,11,18,Premier League
8,4,Liverpool,8,5,2,1,18,9,9,17,Premier League
8,5,Aston Villa,8,5,1,2,19,12,7,16,Premier League
8,6,Brighton and Hove Albion,8,5,1,2,21,16,5,16,Premier League
8,7,West Ham United,8,4,2,2,15,12,3,14,Premier League
8,8,Newcastle United,8,4,1,3,20,9,11,13,Premier League
8,9,Crystal Palace,8,3,3,2,7,7,0,12,Premier League
8,10,Manchester United,8,4,0,4,9,12,-3,12,Premier League
8,11,Chelsea,8,3,2,3,11,7,4,11,Premier League
8,12,Fulham,8,3,2,3,8,13,-5,11,Premier League
8,13,Nottingham Forest,8,2,3,3,8,10,-2,9,Premier League
8,14,Wolverhampton Wanderers,8,2,2,4,9,14,-5,8,Premier League
8,15,Brentford,8,1,4,3,11,12,-1,7,Premier League
8,16,Everton,8,2,1,5,9,12,-3,7,Premier League
8,17,Luton Town,8,1,1,6,6,15,-9,4,Premier League
8,18,Burnley,8,1,1,6,7,20,-13,4,Premier League
8,19,Bournemouth,8,0,3,5,5,18,-13,3,Premier League
8,20,Sheffield United,8,0,1,7,6,22,-16,1,Premier League
9,1,Tottenham Hotspur,10,8,2,0,22,9,13,26,Premier League
9,2,Manchester City,9,7,0,2,19,7,12,21,Premier League
9,3,Arsenal,9,6,3,0,18,8,10,21,Premier League
9,4,Liverpool,9,6,2,1,20,9,11,20,Premier League
9,5,Aston Villa,9,6,1,2,23,13,10,19,Premier League
9,6,Newcastle United,9,5,1,3,24,9,15,16,Premier League
9,7,Brighton and Hove Albion,9,5,1,3,22,18,4,16,Premier League
9,8,Manchester United,9,5,0,4,11,13,-2,15,Premier League
9,9,West Ham United,9,4,2,3,16,16,0,14,Premier League
9,10,Chelsea,9,3,3,3,13,9,4,12,Premier League
9,11,Crystal Palace,10,3,3,4,8,13,-5,12,Premier League
9,12,Wolverhampton Wanderers,9,3,2,4,11,15,-4,11,Premier League
9,13,Fulham,9,3,2,4,8,15,-7,11,Premier League
9,14,Brentford,9,2,4,3,14,12,2,10,Premier League
9,15,Nottingham Forest,9,2,4,3,10,12,-2,10,Premier League
9,16,Everton,9,2,1,6,9,14,-5,7,Premier League
9,17,Luton Town,9,1,2,6,8,17,-9,5,Premier League
9,18,Burnley,9,1,1,7,7,23,-16,4,Premier League
9,19,Bournemouth,9,0,3,6,6,20,-14,3,Premier League
9,20,Sheffield United,9,0,1,8,7,24,-17,1,Premier League
10,1,Tottenham Hotspur,10,8,2,0,22,9,13,26,Premier League
10,2,Arsenal,10,7,3,0,23,8,15,24,Premier League
10,3,Manchester City,10,8,0,2,22,7,15,24,Premier League
10,4,Liverpool,10,7,2,1,23,9,14,23,Premier League
10,5,Aston Villa,10,7,1,2,26,14,12,22,Premier League
10,6,Newcastle United,10,5,2,3,26,11,15,17,Premier League
10,7,Brighton and Hove Albion,10,5,2,3,23,19,4,17,Premier League
10,8,Manchester United,10,5,0,5,11,16,-5,15,Premier League
10,9,West Ham United,10,4,2,4,16,17,-1,14,Premier League
10,10,Brentford,10,3,4,3,16,12,4,13,Premier League
10,11,Chelsea,10,3,3,4,13,11,2,12,Premier League
10,12,Wolverhampton Wanderers,10,3,3,4,13,17,-4,12,Premier League
10,13,Crystal Palace,10,3,3,4,8,13,-5,12,Premier League
10,14,Fulham,10,3,3,4,9,16,-7,12,Premier League
10,15,Everton,10,3,1,6,10,14,-4,10,Premier League
10,16,Nottingham Forest,10,2,4,4,10,15,-5,10,Premier League
10,17,Bournemouth,10,1,3,6,8,21,-13,6,Premier League
10,18,Luton Town,10,1,2,7,9,20,-11,5,Premier League
10,19,Burnley,10,1,1,8,8,25,-17,4,Premier League
10,20,Sheffield United,10,0,1,9,7,29,-22,1,Premier League
11,1,Manchester City,11,9,0,2,28,8,20,27,Premier League
11,2,Tottenham Hotspur,11,8,2,1,23,13,10,26,Premier League
11,3,Liverpool,11,7,3,1,24,10,14,24,Premier League
11,4,Arsenal,11,7,3,1,23,9,14,24,Premier League
11,5,Aston Villa,11,7,1,3,26,16,10,22,Premier League
11,6,Newcastle United,11,6,2,3,27,11,16,20,Premier League
11,7,Brighton and Hove Albion,11,5,3,3,24,20,4,18,Premier League
11,8,Manchester United,11,6,0,5,12,16,-4,18,Premier League
11,9,Brentford,11,4,4,3,19,14,5,16,Premier League
11,10,Chelsea,11,4,3,4,17,12,5,15,Premier League
11,11,Crystal Palace,11,4,3,4,10,13,-3,15,Premier League
11,12,West Ham United,11,4,2,5,18,20,-2,14,Premier League
11,13,Nottingham Forest,11,3,4,4,12,15,-3,13,Premier League
11,14,Wolverhampton Wanderers,11,3,3,5,14,19,-5,12,Premier League
11,15,Fulham,11,3,3,5,9,17,-8,12,Premier League
11,16,Everton,11,3,2,6,11,15,-4,11,Premier League
11,17,Luton Town,11,1,3,7,10,21,-11,6,Premier League
11,18,Bournemouth,11,1,3,7,9,27,-18,6,Premier League
11,19,Burnley,11,1,1,9,8,27,-19,4,Premier League
11,20,Sheffield United,11,1,1,9,9,30,-21,4,Premier League
12,1,Manchester City,12,9,1,2,32,12,20,28,Premier League
12,2,Liverpool,12,8,3,1,27,10,17,27,Premier League
12,3,Arsenal,12,8,3,1,26,10,16,27,Premier League
12,4,Tottenham Hotspur,12,8,2,2,24,15,9,26,Premier League
12,5,Aston Villa,12,8,1,3,29,17,12,25,Premier League
12,6,Manchester United,12,7,0,5,13,16,-3,21,Premier League
12,7,Newcastle United,12,6,2,4,27,13,14,20,Premier League
12,8,Brighton and Hove Albion,12,5,4,3,25,21,4,19,Premier League
12,9,West Ham United,12,5,2,5,21,22,-1,17,Premier League
12,10,Chelsea,12,4,4,4,21,16,5,16,Premier League
12,11,Brentford,12,4,4,4,19,17,2,16,Premier League
12,12,Wolverhampton Wanderers,12,4,3,5,16,20,-4,15,Premier League
12,13,Crystal Palace,12,4,3,5,12,16,-4,15,Premier League
12,14,Nottingham Forest,12,3,4,5,14,18,-4,13,Premier League
12,15,Fulham,12,3,3,6,10,20,-10,12,Premier League
12,16,Bournemouth,12,2,3,7,11,27,-16,9,Premier League
12,17,Luton Town,12,1,3,8,10,22,-12,6,Premier League
12,18,Sheffield United,12,1,2,9,10,31,-21,5,Premier League
12,19,Everton,12,4,2,6,14,17,-3,4,Premier League
12,20,Burnley,12,1,1,10,9,30,-21,4,Premier League
13,1,Arsenal,13,9,3,1,27,10,17,30,Premier League
13,2,Manchester City,13,9,2,2,33,13,20,29,Premier League
13,3,Liverpool,13,8,4,1,28,11,17,28,Premier League
13,4,Aston Villa,13,9,1,3,31,18,13,28,Premier League
13,5,Tottenham Hotspur,13,8,2,3,25,17,8,26,Premier League
13,6,Manchester United,13,8,0,5,16,16,0,24,Premier League
13,7,Newcastle United,13,7,2,4,31,14,17,23,Premier League
13,8,Brighton and Hove Albion,13,6,4,3,28,23,5,22,Premier League
13,9,West Ham United,13,6,2,5,23,23,0,20,Premier League
13,10,Chelsea,13,4,4,5,22,20,2,16,Premier League
13,11,Brentford,13,4,4,5,19,18,1,16,Premier League
13,12,Wolverhampton Wanderers,13,4,3,6,18,23,-5,15,Premier League
13,13,Crystal Palace,13,4,3,6,13,18,-5,15,Premier League
13,14,Fulham,13,4,3,6,13,22,-9,15,Premier League
13,15,Nottingham Forest,13,3,4,6,16,21,-5,13,Premier League
13,16,Bournemouth,13,3,3,7,14,28,-14,12,Premier League
13,17,Luton Town,13,2,3,8,12,23,-11,9,Premier League
13,18,Sheffield United,13,1,2,10,11,34,-23,5,Premier League
13,19,Everton,13,4,2,7,14,20,-6,4,Premier League
13,20,Burnley,13,1,1,11,10,32,-22,4,Premier League
14,1,Arsenal,14,10,3,1,29,11,18,33,Premier League
14,2,Liverpool,14,9,4,1,32,14,18,31,Premier League
14,3,Manchester City,14,9,3,2,36,16,20,30,Premier League
14,4,Aston Villa,14,9,2,3,33,20,13,29,Premier League
14,5,Tottenham Hotspur,14,8,3,3,28,20,8,27,Premier League
14,6,Newcastle United,14,8,2,4,32,14,18,26,Premier League
14,7,Manchester United,14,8,0,6,16,17,-1,24,Premier League
14,8,Brighton and Hove Albion,14,6,4,4,30,26,4,22,Premier League
14,9,West Ham United,14,6,3,5,24,24,0,21,Premier League
14,10,Chelsea,14,5,4,5,25,22,3,19,Premier League
14,11,Brentford,14,5,4,5,22,19,3,19,Premier League
14,12,Crystal Palace,14,4,4,6,14,19,-5,16,Premier League
14,13,Wolverhampton Wanderers,14,4,3,7,19,25,-6,15,Premier League
14,14,Fulham,14,4,3,7,16,26,-10,15,Premier League
14,15,Nottingham Forest,14,3,4,7,16,22,-6,13,Premier League
14,16,Bournemouth,14,3,4,7,16,30,-14,13,Premier League
14,17,Luton Town,14,2,3,9,13,26,-13,9,Premier League
14,18,Everton,14,5,2,7,15,20,-5,7,Premier League
14,19,Burnley,14,2,1,11,15,32,-17,7,Premier League
14,20,Sheffield United,14,1,2,11,11,39,-28,5,Premier League
15,1,Arsenal,15,11,3,1,33,14,19,36,Premier League
15,2,Liverpool,15,10,4,1,34,14,20,34,Premier League
15,3,Aston Villa,15,10,2,3,34,20,14,32,Premier League
15,4,Manchester City,15,9,3,3,36,17,19,30,Premier League
15,5,Tottenham Hotspur,15,8,3,4,29,22,7,27,Premier League
15,6,Manchester United,15,9,0,6,18,18,0,27,Premier League
15,7,Newcastle United,15,8,2,5,32,17,15,26,Premier League
15,8,Brighton and Hove Albion,15,7,4,4,32,27,5,25,Premier League
15,9,West Ham United,15,7,3,5,26,25,1,24,Premier League
15,10,Chelsea,15,5,4,6,26,24,2,19,Premier League
15,11,Brentford,15,5,4,6,23,21,2,19,Premier League
15,12,Fulham,15,5,3,7,21,26,-5,18,Premier League
15,13,Wolverhampton Wanderers,15,5,3,7,20,25,-5,18,Premier League
15,14,Crystal Palace,15,4,4,7,14,21,-7,16,Premier League
15,15,Bournemouth,15,4,4,7,18,30,-12,16,Premier League
15,16,Nottingham Forest,15,3,4,8,16,27,-11,13,Premier League
15,17,Everton,15,6,2,7,18,20,-2,10,Premier League
15,18,Luton Town,15,2,3,10,16,30,-14,9,Premier League
15,19,Burnley,15,2,1,12,15,33,-18,7,Premier League
15,20,Sheffield United,15,1,2,12,11,41,-30,5,Premier League
16,1,Liverpool,16,11,4,1,36,15,21,37,Premier League
16,2,Arsenal,16,11,3,2,33,15,18,36,Premier League
16,3,Aston Villa,16,11,2,3,35,20,15,35,Premier League
16,4,Manchester City,16,10,3,3,38,18,20,33,Premier League
16,5,Tottenham Hotspur,16,9,3,4,33,23,10,30,Premier League
16,6,Manchester United,16,9,0,7,18,21,-3,27,Premier League
16,7,Newcastle United,16,8,2,6,33,21,12,26,Premier League
16,8,Brighton and Hove Albion,16,7,5,4,33,28,5,26,Premier League
16,9,West Ham United,16,7,3,6,26,30,-4,24,Premier League
16,10,Fulham,16,6,3,7,26,26,0,21,Premier League
16,11,Brentford,16,5,4,7,23,22,1,19,Premier League
16,12,Chelsea,16,5,4,7,26,26,0,19,Premier League
16,13,Wolverhampton Wanderers,16,5,4,7,21,26,-5,19,Premier League
16,14,Bournemouth,16,5,4,7,21,30,-9,19,Premier League
16,15,Crystal Palace,16,4,4,8,15,23,-8,16,Premier League
16,16,Nottingham Forest,16,3,5,8,17,28,-11,14,Premier League
16,17,Everton,16,7,2,7,20,20,0,13,Premier League
16,18,Luton Town,16,2,3,11,17,32,-15,9,Premier League
16,19,Burnley,16,2,2,12,16,34,-18,8,Premier League
16,20,Sheffield United,16,2,2,12,12,41,-29,8,Premier League
17,1,Arsenal,17,12,3,2,35,15,20,39,Premier League
17,2,Liverpool,17,11,5,1,36,15,21,38,Premier League
17,3,Aston Villa,17,12,2,3,37,21,16,38,Premier League
17,4,Manchester City,17,10,4,3,40,20,20,34,Premier League
17,5,Tottenham Hotspur,17,10,3,4,35,23,12,33,Premier League
17,6,Newcastle United,17,9,2,6,36,21,15,29,Premier League
17,7,Manchester United,17,9,1,7,18,21,-3,28,Premier League
17,10,Chelsea,17,6,4,7,28,26,2,22,Premier League
17,11,Fulham,17,6,3,8,26,29,-3,21,Premier League
17,12,Brentford,17,5,4,8,24,24,0,19,Premier League
17,13,Wolverhampton Wanderers,17,5,4,8,21,29,-8,19,Premier League
17,14,Bournemouth,16,5,4,7,21,30,-9,19,Premier League
17,16,Everton,17,8,2,7,22,20,2,16,Premier League
17,17,Nottingham Forest,17,3,5,9,17,30,-13,14,Premier League
17,18,Luton Town,16,2,3,11,17,32,-15,9,Premier League
17,19,Burnley,17,2,2,13,16,36,-20,8,Premier League
17,20,Sheffield United,17,2,2,13,12,43,-31,8,Premier League
17,8,Brighton and Hove Albion,18,7,6,5,34,31,3,27,Premier League
17,9,West Ham United,17,8,3,6,29,30,-1,27,Premier League
17,15,Crystal Palace,18,4,6,8,18,26,-8,18,Premier League
18,1,Arsenal,18,12,4,2,36,16,20,40,Premier League
18,2,Liverpool,18,11,6,1,37,16,21,39,Premier League
18,3,Aston Villa,18,12,3,3,38,22,16,39,Premier League
18,4,Tottenham Hotspur,18,11,3,4,37,24,13,36,Premier League
18,5,Manchester City,17,10,4,3,40,20,20,34,Premier League
18,6,West Ham United,18,9,3,6,31,30,1,30,Premier League
18,7,Newcastle United,18,9,2,7,36,22,14,29,Premier League
18,8,Manchester United,18,9,1,8,18,23,-5,28,Premier League
18,9,Brighton and Hove Albion,18,7,6,5,34,31,3,27,Premier League
18,10,Chelsea,18,6,4,8,29,28,1,22,Premier League
18,11,Wolverhampton Wanderers,18,6,4,8,23,30,-7,22,Premier League
18,12,Bournemouth,17,6,4,7,24,32,-8,22,Premier League
18,13,Fulham,18,6,3,9,26,31,-5,21,Premier League
18,14,Brentford,17,5,4,8,24,24,0,19,Premier League
18,15,Crystal Palace,18,4,6,8,18,26,-8,18,Premier League
18,16,Everton,18,8,2,8,23,22,1,16,Premier League
18,17,Nottingham Forest,18,3,5,10,19,33,-14,14,Premier League
18,18,Luton Town,17,3,3,11,18,32,-14,12,Premier League
18,19,Burnley,18,3,2,13,18,36,-18,11,Premier League
18,20,Sheffield United,18,2,3,13,13,44,-31,9,Premier League
19,1,Liverpool,19,12,6,1,39,16,23,42,Premier League
19,2,Arsenal,19,12,4,3,36,18,18,40,Premier League
19,3,Aston Villa,19,12,3,4,40,25,15,39,Premier League
19,4,Manchester City,18,11,4,3,43,21,22,37,Premier League
19,5,Tottenham Hotspur,19,11,3,5,39,28,11,36,Premier League
19,6,West Ham United,19,10,3,6,33,30,3,33,Premier League
19,7,Manchester United,19,10,1,8,21,25,-4,31,Premier League
19,8,Brighton and Hove Albion,19,8,6,5,38,33,5,30,Premier League
19,9,Newcastle United,19,9,2,8,37,25,12,29,Premier League
19,10,Chelsea,19,7,4,8,31,29,2,25,Premier League
19,11,Wolverhampton Wanderers,19,7,4,8,27,31,-4,25,Premier League
19,12,Bournemouth,18,7,4,7,27,32,-5,25,Premier League
19,13,Fulham,19,6,3,10,26,34,-8,21,Premier League
19,14,Brentford,18,5,4,9,25,28,-3,19,Premier League
19,15,Crystal Palace,19,4,6,9,19,28,-9,18,Premier League
19,16,Nottingham Forest,19,4,5,10,22,34,-12,17,Premier League
19,17,Everton,19,8,2,9,24,25,-1,16,Premier League
19,18,Luton Town,18,4,3,11,21,34,-13,15,Premier League
19,19,Burnley,19,3,2,14,18,38,-20,11,Premier League
19,20,Sheffield United,19,2,3,14,15,47,-32,9,Premier League
7,1,Celtic,7,6,1,0,16,4,12,19,Scottish premiership
7,2,St Mirren,7,4,3,0,11,7,4,15,Scottish premiership
7,3,Rangers,7,4,0,3,10,5,5,12,Scottish premiership
7,4,Hearts,7,3,1,3,5,3,2,10,Scottish premiership
7,5,Motherwell,7,3,1,3,7,7,0,10,Scottish premiership
7,6,Hibernian,7,2,2,3,11,10,1,8,Scottish premiership
7,7,Aberdeen,7,2,2,3,10,10,0,8,Scottish premiership
7,8,Kilmarnock,7,1,4,2,7,8,-1,7,Scottish premiership
7,9,Dundee,7,1,4,2,7,10,-3,7,Scottish premiership
7,10,Livingston,7,1,4,2,6,12,-6,7,Scottish premiership
7,11,Ross County,7,2,1,4,6,12,-6,7,Scottish premiership
7,12,St. Johnstone,7,0,3,4,3,11,-8,3,Scottish premiership
8,1,Celtic,8,7,1,0,19,5,14,22,Scottish premiership
8,2,Rangers,8,5,0,3,13,5,8,15,Scottish premiership
8,3,St Mirren,8,4,3,1,11,10,1,15,Scottish premiership
8,4,Hearts,8,3,2,3,7,5,2,11,Scottish premiership
8,5,Motherwell,8,3,1,4,7,9,-2,10,Scottish premiership
8,6,Livingston,8,2,4,2,8,12,-4,10,Scottish premiership
8,7,Hibernian,8,2,3,3,13,12,1,9,Scottish premiership
8,8,Aberdeen,8,2,3,3,10,10,0,9,Scottish premiership
8,9,Kilmarnock,8,1,4,3,8,11,-3,7,Scottish premiership
8,10,Dundee,7,1,4,2,7,10,-3,7,Scottish premiership
8,11,Ross County,7,2,1,4,6,12,-6,7,Scottish premiership
8,12,St. Johnstone,8,0,4,4,3,11,-8,4,Scottish premiership
9,1,Celtic,9,8,1,0,23,6,17,25,Scottish premiership
9,2,Rangers,9,6,0,3,17,5,12,18,Scottish premiership
9,3,St Mirren,8,4,3,1,11,10,1,15,Scottish premiership
9,4,Hearts,9,3,2,4,8,9,-1,11,Scottish premiership
9,5,Kilmarnock,9,2,4,3,11,12,-1,10,Scottish premiership
9,6,Motherwell,8,3,1,4,7,9,-2,10,Scottish premiership
9,7,Livingston,9,2,4,3,9,15,-6,10,Scottish premiership
9,8,Aberdeen,8,2,3,3,10,10,0,9,Scottish premiership
9,9,Hibernian,9,2,3,4,13,16,-3,9,Scottish premiership
9,10,Dundee,8,1,5,2,7,10,-3,8,Scottish premiership
9,11,Ross County,8,2,2,4,6,12,-6,8,Scottish premiership
9,12,St. Johnstone,8,0,4,4,3,11,-8,4,Scottish premiership
10,1,Celtic,10,8,2,0,23,6,17,26,Scottish premiership
10,2,Rangers,10,7,0,3,19,6,13,21,Scottish premiership
10,3,St Mirren,9,5,3,1,15,10,5,18,Scottish premiership
10,4,Kilmarnock,10,3,4,3,13,12,1,13,Scottish premiership
10,5,Dundee,9,2,5,2,9,10,-1,11,Scottish premiership
10,6,Motherwell,9,3,2,4,10,12,-2,11,Scottish premiership
10,7,Hearts,10,3,2,5,9,11,-2,11,Scottish premiership
10,8,Hibernian,10,2,4,4,13,16,-3,10,Scottish premiership
10,9,Livingston,10,2,4,4,9,17,-8,10,Scottish premiership
10,10,Aberdeen,9,2,3,4,10,12,-2,9,Scottish premiership
10,11,Ross County,9,2,3,4,9,15,-6,9,Scottish premiership
10,12,St. Johnstone,9,0,4,5,3,15,-12,4,Scottish premiership
11,1,Celtic,12,10,2,0,28,7,21,32,Scottish premiership
11,2,Rangers,11,8,0,3,24,6,18,24,Scottish premiership
11,3,St Mirren,10,5,3,2,16,12,4,18,Scottish premiership
11,4,Kilmarnock,12,4,4,4,15,14,1,16,Scottish premiership
11,5,Hearts,11,4,2,5,10,11,-1,14,Scottish premiership
11,6,Dundee,11,3,5,3,10,15,-5,14,Scottish premiership
11,7,Aberdeen,10,3,3,4,14,14,0,12,Scottish premiership
11,8,Motherwell,12,3,3,6,14,19,-5,12,Scottish premiership
11,9,Hibernian,11,2,5,4,15,18,-3,11,Scottish premiership
11,10,Ross County,11,2,4,5,11,20,-9,10,Scottish premiership
11,11,Livingston,12,2,4,6,9,19,-10,10,Scottish premiership
11,12,St. Johnstone,11,1,5,5,7,18,-11,8,Scottish premiership
12,1,Celtic,13,11,2,0,34,7,27,35,Scottish premiership
12,2,Rangers,12,9,0,3,26,6,20,27,Scottish premiership
12,3,St Mirren,12,5,4,3,18,18,0,19,Scottish premiership
12,4,Hearts,12,5,2,5,12,12,0,17,Scottish premiership
12,5,Dundee,12,4,5,3,14,15,-1,17,Scottish premiership
12,6,Kilmarnock,13,4,4,5,15,15,0,16,Scottish premiership
12,7,Hibernian,13,3,6,4,18,20,-2,15,Scottish premiership
12,8,Motherwell,13,3,3,7,15,21,-6,12,Scottish premiership
12,9,Aberdeen,11,3,3,5,14,20,-6,12,Scottish premiership
12,10,St. Johnstone,12,2,5,5,8,18,-10,11,Scottish premiership
12,11,Ross County,12,2,4,6,11,21,-10,10,Scottish premiership
12,12,Livingston,13,2,4,7,9,21,-12,10,Scottish premiership
13,1,Celtic,14,11,3,0,35,8,27,36,Scottish premiership
13,2,Rangers,13,9,1,3,27,7,20,28,Scottish premiership
13,3,St Mirren,13,6,4,3,19,18,1,22,Scottish premiership
13,4,Hearts,13,6,2,5,13,12,1,20,Scottish premiership
13,5,Hibernian,14,4,6,4,20,21,-1,18,Scottish premiership
13,6,Kilmarnock,14,4,5,5,15,15,0,17,Scottish premiership
13,7,Dundee,13,4,5,4,15,17,-2,17,Scottish premiership
13,8,Motherwell,14,3,4,7,16,22,-6,13,Scottish premiership
13,9,Aberdeen,12,3,4,5,15,21,-6,13,Scottish premiership
13,10,Ross County,13,2,5,6,11,21,-10,11,Scottish premiership
13,11,St. Johnstone,13,2,5,6,8,19,-11,11,Scottish premiership
13,12,Livingston,14,2,4,8,9,22,-13,10,Scottish premiership
14,1,Celtic,15,12,3,0,38,9,29,39,Scottish premiership
14,2,Rangers,14,10,1,3,29,7,22,31,Scottish premiership
14,3,Hearts,14,7,2,5,14,12,2,23,Scottish premiership
14,4,St Mirren,15,6,4,5,19,21,-2,22,Scottish premiership
14,5,Hibernian,15,5,6,4,22,21,1,21,Scottish premiership
14,6,Dundee,14,4,6,4,18,20,-2,18,Scottish premiership
14,7,Kilmarnock,15,4,5,6,15,16,-1,17,Scottish premiership
14,8,Motherwell,15,3,5,7,19,25,-6,14,Scottish premiership
14,9,Ross County,14,3,5,6,12,21,-9,14,Scottish premiership
14,10,Aberdeen,13,3,4,6,15,23,-8,13,Scottish premiership
14,11,St. Johnstone,14,2,5,7,9,22,-13,11,Scottish premiership
14,12,Livingston,14,2,4,8,9,22,-13,10,Scottish premiership
16,1,Celtic,16,13,3,0,42,10,32,42,Scottish premiership
16,2,Rangers,15,11,1,3,30,7,23,34,Scottish premiership
16,3,Hearts,15,7,2,6,14,13,1,23,Scottish premiership
16,4,St Mirren,16,6,4,6,19,22,-3,22,Scottish premiership
16,5,Hibernian,16,5,6,5,23,25,-2,21,Scottish premiership
16,6,Kilmarnock,16,5,5,6,16,16,0,20,Scottish premiership
16,7,Dundee,14,4,6,4,18,20,-2,18,Scottish premiership
16,8,Ross County,15,4,5,6,15,21,-6,17,Scottish premiership
16,9,Motherwell,16,3,5,8,19,28,-9,14,Scottish premiership
16,10,St. Johnstone,15,3,5,7,10,22,-12,14,Scottish premiership
16,11,Aberdeen,14,3,4,7,15,24,-9,13,Scottish premiership
16,12,Livingston,14,2,4,8,9,22,-13,10,Scottish premiership
17,1,Celtic,17,13,3,1,43,12,31,42,Scottish premiership
17,2,Rangers,16,12,1,3,33,8,25,37,Scottish premiership
17,3,St Mirren,17,7,4,6,21,22,-1,25,Scottish premiership
17,4,Hibernian,17,6,6,5,24,25,-1,24,Scottish premiership
17,5,Kilmarnock,17,6,5,6,18,17,1,23,Scottish premiership
17,6,Hearts,16,7,2,7,15,15,0,23,Scottish premiership
17,7,Dundee,15,4,6,5,19,23,-4,18,Scottish premiership
17,8,Ross County,16,4,5,7,15,23,-8,17,Scottish premiership
17,9,Aberdeen,15,4,4,7,17,25,-8,16,Scottish premiership
17,10,Motherwell,17,3,6,8,20,29,-9,15,Scottish premiership
17,11,St. Johnstone,16,3,6,7,11,23,-12,15,Scottish premiership
17,12,Livingston,15,2,4,9,9,23,-14,10,Scottish premiership
18,1,Celtic,18,13,3,2,43,14,29,42,Scottish premiership
18,3,Hearts,17,8,2,7,17,15,2,26,Scottish premiership
18,4,St Mirren,18,7,5,6,21,22,-1,26,Scottish premiership
18,5,Kilmarnock,18,6,6,6,18,17,1,24,Scottish premiership
18,6,Hibernian,18,6,6,6,24,26,-2,24,Scottish premiership
18,7,Dundee,16,5,6,5,20,23,-3,21,Scottish premiership
18,11,Motherwell,18,3,7,8,20,29,-9,16,Scottish premiership
18,2,Rangers,17,13,1,3,35,8,27,40,Scottish premiership
18,8,Aberdeen,16,5,4,7,19,26,-7,19,Scottish premiership
18,9,St. Johnstone,18,4,6,8,12,25,-13,18,Scottish premiership
18,10,Ross County,17,4,5,8,15,24,-9,17,Scottish premiership
18,12,Livingston,17,2,5,10,10,25,-15,11,Scottish premiership
19,1,Celtic,19,14,3,2,45,14,31,45,Scottish premiership
19,2,Rangers,18,14,1,3,37,8,29,43,Scottish premiership
19,3,Hearts,18,9,2,7,19,15,4,29,Scottish premiership
19,4,Kilmarnock,19,7,6,6,20,18,2,27,Scottish premiership
19,5,St Mirren,19,7,5,7,21,24,-3,26,Scottish premiership
19,6,Hibernian,18,6,6,6,24,26,-2,24,Scottish premiership
19,7,Dundee,16,5,6,5,20,23,-3,21,Scottish premiership
19,8,Aberdeen,16,5,4,7,19,26,-7,19,Scottish premiership
19,9,St. Johnstone,19,4,6,9,13,27,-14,18,Scottish premiership
19,10,Ross County,17,4,5,8,15,24,-9,17,Scottish premiership
19,11,Motherwell,19,3,7,9,20,31,-11,16,Scottish premiership
19,12,Livingston,18,2,5,11,10,27,-17,11,Scottish premiership
20,1,Celtic,20,15,3,2,48,14,34,48,Scottish premiership
20,2,Rangers,18,14,1,3,37,8,29,43,Scottish premiership
20,3,Hearts,19,10,2,7,20,15,5,32,Scottish premiership
20,4,Kilmarnock,20,8,6,6,21,18,3,30,Scottish premiership
20,5,St Mirren,20,7,5,8,21,25,-4,26,Scottish premiership
20,6,Hibernian,19,6,6,7,24,27,-3,24,Scottish premiership
20,7,Dundee,17,5,6,6,20,26,-6,21,Scottish premiership
20,8,Aberdeen,16,5,4,7,19,26,-7,19,Scottish premiership
20,9,St. Johnstone,20,4,7,9,13,27,-14,19,Scottish premiership
20,10,Ross County,17,4,5,8,15,24,-9,17,Scottish premiership
20,11,Motherwell,19,3,7,9,20,31,-11,16,Scottish premiership
20,12,Livingston,19,2,6,11,10,27,-17,12,Scottish premiership
1,1,Fiorentina,1,1,0,0,4,1,3,3,Seria A
1,2,Juventus,1,1,0,0,3,0,3,3,Seria A
1,3,Napoli,1,1,0,0,3,1,2,3,Seria A
1,4,Atalanta,1,1,0,0,2,0,2,3,Seria A
1,5,Inter Milan,1,1,0,0,2,0,2,3,Seria A
1,6,AC Milan,1,1,0,0,2,0,2,3,Seria A
1,7,Lecce,1,1,0,0,2,1,1,3,Seria A
1,8,Verona,1,1,0,0,1,0,1,3,Seria A
1,9,Roma,1,0,1,0,2,2,0,1,Seria A
1,10,Salernitana,1,0,1,0,2,2,0,1,Seria A
1,11,Cagliari,1,0,1,0,0,0,0,1,Seria A
1,12,Torino,1,0,1,0,0,0,0,1,Seria A
1,13,Lazio,1,0,0,1,1,2,-1,0,Seria A
1,14,Empoli,1,0,0,1,0,1,-1,0,Seria A
1,15,Frosinone,1,0,0,1,1,3,-2,0,Seria A
1,16,Monza,1,0,0,1,0,2,-2,0,Seria A
1,17,Bologna,1,0,0,1,0,2,-2,0,Seria A
1,18,Sassuolo,1,0,0,1,0,2,-2,0,Seria A
1,19,Genoa,1,0,0,1,1,4,-3,0,Seria A
1,20,Udinese,1,0,0,1,0,3,-3,0,Seria A
2,1,AC Milan,2,2,0,0,6,1,5,6,Seria A
2,2,Napoli,2,2,0,0,5,1,4,6,Seria A
2,3,Inter Milan,2,2,0,0,4,0,4,6,Seria A
2,4,Verona,2,2,0,0,3,1,2,6,Seria A
2,5,Fiorentina,2,1,1,0,6,3,3,4,Seria A
2,6,Juventus,2,1,1,0,4,1,3,4,Seria A
2,7,Lecce,2,1,1,0,4,3,1,4,Seria A
2,8,Atalanta,2,1,0,1,3,2,1,3,Seria A
2,9,Monza,2,1,0,1,2,2,0,3,Seria A
2,10,Frosinone,2,1,0,1,3,4,-1,3,Seria A
2,11,Genoa,2,1,0,1,2,4,-2,3,Seria A
2,12,Salernitana,2,0,2,0,3,3,0,2,Seria A
2,13,Roma,2,0,1,1,3,4,-1,1,Seria A
2,14,Bologna,2,0,1,1,1,3,-2,1,Seria A
2,15,Cagliari,2,0,1,1,0,2,-2,1,Seria A
2,16,Torino,2,0,1,1,1,4,-3,1,Seria A
2,17,Udinese,2,0,1,1,1,4,-3,1,Seria A
2,18,Lazio,2,0,0,2,1,3,-2,0,Seria A
2,19,Empoli,2,0,0,2,0,3,-3,0,Seria A
2,20,Sassuolo,2,0,0,2,0,4,-4,0,Seria A
3,1,Inter Milan,3,3,0,0,8,0,8,9,Seria A
3,2,AC Milan,3,3,0,0,8,2,6,9,Seria A
3,3,Juventus,3,2,1,0,6,1,5,7,Seria A
3,4,Lecce,3,2,1,0,6,3,3,7,Seria A
3,5,Atalanta,3,2,0,1,6,2,4,6,Seria A
3,6,Napoli,3,2,0,1,6,3,3,6,Seria A
3,7,Verona,3,2,0,1,4,4,0,6,Seria A
3,8,Fiorentina,3,1,1,1,6,7,-1,4,Seria A
3,9,Bologna,3,1,1,1,3,4,-1,4,Seria A
3,10,Frosinone,3,1,1,1,3,4,-1,4,Seria A
3,11,Torino,3,1,1,1,2,4,-2,4,Seria A
3,12,Lazio,3,1,0,2,3,4,-1,3,Seria A
3,13,Sassuolo,3,1,0,2,3,5,-2,3,Seria A
3,14,Monza,3,1,0,2,2,5,-3,3,Seria A
3,15,Genoa,3,1,0,2,2,5,-3,3,Seria A
3,16,Salernitana,3,0,2,1,3,5,-2,2,Seria A
3,17,Udinese,3,0,2,1,1,4,-3,2,Seria A
3,18,Roma,3,0,1,2,4,6,-2,1,Seria A
3,19,Cagliari,3,0,1,2,1,4,-3,1,Seria A
3,20,Empoli,3,0,0,3,0,5,-5,0,Seria A
4,1,Inter Milan,4,4,0,0,13,1,12,12,Seria A
4,2,Juventus,4,3,1,0,9,2,7,10,Seria A
4,3,AC Milan,4,3,0,1,9,7,2,9,Seria A
4,4,Lecce,4,2,2,0,7,4,3,8,Seria A
4,5,Napoli,4,2,1,1,8,5,3,7,Seria A
4,6,Frosinone,4,2,1,1,7,6,1,7,Seria A
4,7,Torino,4,2,1,1,5,4,1,7,Seria A
4,8,Fiorentina,4,2,1,1,9,9,0,7,Seria A
4,9,Verona,4,2,1,1,4,4,0,7,Seria A
4,10,Atalanta,4,2,0,2,8,5,3,6,Seria A
4,11,Bologna,4,1,2,1,3,4,-1,5,Seria A
4,12,Roma,4,1,1,2,11,6,5,4,Seria A
4,13,Genoa,4,1,1,2,4,7,-3,4,Seria A
4,14,Monza,4,1,1,2,3,6,-3,4,Seria A
4,15,Lazio,4,1,0,3,4,7,-3,3,Seria A
4,16,Udinese,4,0,3,1,1,4,-3,3,Seria A
4,17,Sassuolo,4,1,0,3,5,9,-4,3,Seria A
4,18,Cagliari,4,0,2,2,1,4,-3,2,Seria A
4,19,Salernitana,4,0,2,2,3,8,-5,2,Seria A
4,20,Empoli,4,0,0,4,0,12,-12,0,Seria A
5,1,Inter Milan,5,5,0,0,14,1,13,15,Seria A
5,2,AC Milan,5,4,0,1,10,7,3,12,Seria A
5,3,Lecce,5,3,2,0,8,4,4,11,Seria A
5,4,Juventus,5,3,1,1,11,6,5,10,Seria A
5,5,Fiorentina,5,3,1,1,11,9,2,10,Seria A
5,6,Atalanta,5,3,0,2,10,5,5,9,Seria A
5,7,Napoli,5,2,2,1,8,5,3,8,Seria A
5,8,Frosinone,5,2,2,1,8,7,1,8,Seria A
5,9,Torino,5,2,2,1,6,5,1,8,Seria A
5,10,Verona,5,2,1,2,4,5,-1,7,Seria A
5,11,Bologna,5,1,3,1,3,4,-1,6,Seria A
5,12,Sassuolo,5,2,0,3,9,11,-2,6,Seria A
5,13,Roma,5,1,2,2,12,7,5,5,Seria A
5,14,Monza,5,1,2,2,4,7,-3,5,Seria A
5,15,Lazio,5,1,1,3,5,8,-3,4,Seria A
5,16,Genoa,5,1,1,3,4,8,-4,4,Seria A
5,17,Salernitana,5,0,3,2,4,9,-5,3,Seria A
5,18,Udinese,5,0,3,2,1,6,-5,3,Seria A
5,19,Cagliari,5,0,2,3,1,6,-5,2,Seria A
5,20,Empoli,5,0,0,5,0,13,-13,0,Seria A
6,1,Inter Milan,6,5,0,1,15,3,12,15,Seria A
6,2,AC Milan,6,5,0,1,13,8,5,15,Seria A
6,3,Juventus,6,4,1,1,12,6,6,13,Seria A
6,4,Atalanta,6,4,0,2,11,5,6,12,Seria A
6,5,Napoli,6,3,2,1,12,6,6,11,Seria A
6,6,Lecce,6,3,2,1,8,5,3,11,Seria A
6,7,Fiorentina,6,3,2,1,12,10,2,11,Seria A
6,8,Frosinone,6,2,3,1,9,8,1,9,Seria A
6,9,Sassuolo,6,3,0,3,11,12,-1,9,Seria A
6,10,Torino,6,2,2,2,6,7,-1,8,Seria A
6,11,Genoa,6,2,1,3,8,9,-1,7,Seria A
6,12,Lazio,6,2,1,3,7,8,-1,7,Seria A
6,13,Bologna,6,1,4,1,3,4,-1,7,Seria A
6,14,Verona,6,2,1,3,4,6,-2,7,Seria A
6,15,Monza,6,1,3,2,4,7,-3,6,Seria A
6,16,Roma,6,1,2,3,13,11,2,5,Seria A
6,17,Salernitana,6,0,3,3,4,10,-6,3,Seria A
6,18,Udinese,6,0,3,3,2,10,-8,3,Seria A
6,19,Empoli,6,1,0,5,1,13,-12,3,Seria A
6,20,Cagliari,6,0,2,4,2,9,-7,2,Seria A
7,1,Inter Milan,7,6,0,1,19,3,16,18,Seria A
7,2,AC Milan,7,6,0,1,15,8,7,18,Seria A
7,3,Napoli,7,4,2,1,16,6,10,14,Seria A
7,4,Juventus,7,4,2,1,12,6,6,14,Seria A
7,5,Fiorentina,7,4,2,1,15,10,5,14,Seria A
7,6,Atalanta,7,4,1,2,11,5,6,13,Seria A
7,7,Lecce,7,3,2,2,8,9,-1,11,Seria A
7,8,Bologna,7,2,4,1,6,4,2,10,Seria A
7,9,Frosinone,7,2,3,2,9,10,-1,9,Seria A
7,10,Torino,7,2,3,2,6,7,-1,9,Seria A
7,11,Sassuolo,7,3,0,4,11,13,-2,9,Seria A
7,12,Monza,7,2,3,2,5,7,-2,9,Seria A
7,13,Roma,7,2,2,3,15,11,4,8,Seria A
7,14,Genoa,7,2,2,3,10,11,-1,8,Seria A
7,15,Verona,7,2,2,3,4,6,-2,8,Seria A
7,16,Lazio,7,2,1,4,7,10,-3,7,Seria A
7,17,Udinese,7,0,4,3,4,12,-8,4,Seria A
7,18,Salernitana,7,0,3,4,4,14,-10,3,Seria A
7,19,Empoli,7,1,0,6,1,16,-15,3,Seria A
7,20,Cagliari,7,0,2,5,2,12,-10,2,Seria A
8,1,AC Milan,8,7,0,1,16,8,8,21,Seria A
8,2,Inter Milan,8,6,1,1,21,5,16,19,Seria A
8,3,Juventus,8,5,2,1,14,6,8,17,Seria A
8,4,Fiorentina,8,5,2,1,18,11,7,17,Seria A
8,5,Napoli,8,4,2,2,17,9,8,14,Seria A
8,6,Atalanta,8,4,1,3,13,8,5,13,Seria A
8,7,Monza,8,3,3,2,8,7,1,12,Seria A
8,8,Frosinone,8,3,3,2,11,11,0,12,Seria A
8,9,Lecce,8,3,3,2,9,10,-1,12,Seria A
8,10,Roma,8,3,2,3,19,12,7,11,Seria A
8,11,Bologna,8,2,5,1,8,6,2,11,Seria A
8,12,Sassuolo,8,3,1,4,12,14,-2,10,Seria A
8,13,Lazio,8,3,1,4,10,12,-2,10,Seria A
8,14,Torino,8,2,3,3,6,9,-3,9,Seria A
8,15,Genoa,8,2,2,4,10,12,-2,8,Seria A
8,16,Verona,8,2,2,4,5,8,-3,8,Seria A
8,17,Udinese,8,0,5,3,4,12,-8,5,Seria A
8,18,Empoli,8,1,1,6,1,16,-15,4,Seria A
8,19,Salernitana,8,0,3,5,4,17,-13,3,Seria A
8,20,Cagliari,8,0,2,6,3,16,-13,2,Seria A
9,1,Inter Milan,9,7,1,1,24,5,19,22,Seria A
9,2,AC Milan,9,7,0,2,16,9,7,21,Seria A
9,3,Juventus,9,6,2,1,15,6,9,20,Seria A
9,4,Napoli,9,5,2,2,20,10,10,17,Seria A
9,5,Fiorentina,9,5,2,2,18,13,5,17,Seria A
9,6,Atalanta,9,5,1,3,15,8,7,16,Seria A
9,7,Roma,9,4,2,3,20,12,8,14,Seria A
9,8,Bologna,9,3,5,1,10,7,3,14,Seria A
9,9,Lazio,9,4,1,4,12,12,0,13,Seria A
9,10,Lecce,9,3,4,2,10,11,-1,13,Seria A
9,11,Monza,9,3,3,3,8,8,0,12,Seria A
9,12,Frosinone,9,3,3,3,12,13,-1,12,Seria A
9,13,Genoa,10,3,2,5,11,14,-3,11,Seria A
9,14,Sassuolo,9,3,1,5,12,16,-4,10,Seria A
9,15,Torino,9,2,3,4,6,12,-6,9,Seria A
9,16,Verona,9,2,2,5,6,11,-5,8,Seria A
9,17,Empoli,9,2,1,6,3,16,-13,7,Seria A
9,18,Udinese,9,0,6,3,5,13,-8,6,Seria A
9,19,Salernitana,10,0,4,6,6,20,-14,4,Seria A
9,20,Cagliari,9,0,3,6,5,18,-13,3,Seria A
10,1,Inter Milan,10,8,1,1,25,5,20,25,Seria A
10,2,Juventus,10,7,2,1,16,6,10,23,Seria A
10,3,AC Milan,10,7,1,2,18,11,7,22,Seria A
10,4,Atalanta,10,6,1,3,18,8,10,19,Seria A
10,5,Napoli,10,5,3,2,22,12,10,18,Seria A
10,6,Fiorentina,10,5,2,3,18,14,4,17,Seria A
10,7,Lazio,10,5,1,4,13,12,1,16,Seria A
10,8,Bologna,10,3,6,1,11,8,3,15,Seria A
10,9,Roma,10,4,2,4,20,13,7,14,Seria A
10,10,Monza,10,3,4,3,9,9,0,13,Seria A
10,11,Lecce,10,3,4,3,10,12,-2,13,Seria A
10,12,Frosinone,10,3,3,4,15,17,-2,12,Seria A
10,13,Torino,10,3,3,4,7,12,-5,12,Seria A
10,14,Genoa,10,3,2,5,11,14,-3,11,Seria A
10,15,Sassuolo,10,3,2,5,13,17,-4,11,Seria A
10,16,Verona,10,2,2,6,6,12,-6,8,Seria A
10,17,Udinese,10,0,7,3,6,14,-8,7,Seria A
10,18,Empoli,10,2,1,7,3,19,-16,7,Seria A
10,19,Cagliari,10,1,3,6,9,21,-12,6,Seria A
10,20,Salernitana,10,0,4,6,6,20,-14,4,Seria A
11,1,Inter Milan,11,9,1,1,27,6,21,28,Seria A
11,2,Juventus,11,8,2,1,17,6,11,26,Seria A
11,3,AC Milan,11,7,1,3,18,12,6,22,Seria A
11,4,Napoli,11,6,3,2,24,12,12,21,Seria A
11,5,Atalanta,11,6,1,4,19,10,9,19,Seria A
11,6,Bologna,11,4,6,1,12,8,4,18,Seria A
11,7,Roma,11,5,2,4,22,14,8,17,Seria A
11,8,Fiorentina,11,5,2,4,18,15,3,17,Seria A
11,9,Monza,11,4,4,3,12,10,2,16,Seria A
11,10,Lazio,11,5,1,5,13,13,0,16,Seria A
11,11,Frosinone,11,4,3,4,17,18,-1,15,Seria A
11,12,Torino,11,4,3,4,9,13,-4,15,Seria A
11,13,Lecce,11,3,4,4,11,14,-3,13,Seria A
11,14,Genoa,11,3,2,6,12,16,-4,11,Seria A
11,15,Sassuolo,11,3,2,6,14,19,-5,11,Seria A
11,16,Udinese,11,1,7,3,7,14,-7,10,Seria A
11,17,Cagliari,11,2,3,6,11,22,-11,9,Seria A
11,18,Verona,11,2,2,7,7,15,-8,8,Seria A
11,19,Empoli,11,2,1,8,4,21,-17,7,Seria A
11,20,Salernitana,11,0,4,7,6,22,-16,4,Seria A
12,1,Inter Milan,12,10,1,1,29,6,23,31,Seria A
12,2,Juventus,12,9,2,1,19,7,12,29,Seria A
12,3,AC Milan,12,7,2,3,20,14,6,23,Seria A
12,4,Napoli,12,6,3,3,24,13,11,21,Seria A
12,5,Atalanta,12,6,2,4,20,11,9,20,Seria A
12,6,Fiorentina,12,6,2,4,20,16,4,20,Seria A
12,7,Roma,12,5,3,4,22,14,8,18,Seria A
12,8,Bologna,12,4,6,2,13,10,3,18,Seria A
12,9,Monza,12,4,5,3,13,11,2,17,Seria A
12,10,Lazio,12,5,2,5,13,13,0,17,Seria A
12,11,Torino,12,4,4,4,10,14,-4,16,Seria A
12,12,Frosinone,12,4,3,5,17,20,-3,15,Seria A
12,13,Genoa,12,4,2,6,13,16,-3,14,Seria A
12,14,Lecce,12,3,5,4,13,16,-3,14,Seria A
12,15,Sassuolo,12,3,3,6,16,21,-5,12,Seria A
12,16,Udinese,12,1,8,3,8,15,-7,11,Seria A
12,17,Empoli,12,3,1,8,5,21,-16,10,Seria A
12,18,Cagliari,12,2,3,7,12,24,-12,9,Seria A
12,19,Verona,12,2,2,8,7,16,-9,8,Seria A
12,20,Salernitana,12,0,5,7,8,24,-16,5,Seria A
13,1,Inter Milan,13,10,2,1,30,7,23,32,Seria A
13,2,Juventus,13,9,3,1,20,8,12,30,Seria A
13,3,AC Milan,13,8,2,3,21,14,7,26,Seria A
13,4,Napoli,13,7,3,3,26,14,12,24,Seria A
13,5,Roma,13,6,3,4,25,15,10,21,Seria A
13,6,Bologna,13,5,6,2,15,10,5,21,Seria A
13,7,Atalanta,13,6,2,5,21,13,8,20,Seria A
13,8,Fiorentina,13,6,2,5,20,17,3,20,Seria A
13,9,Monza,13,4,6,3,14,12,2,18,Seria A
13,10,Frosinone,13,5,3,5,19,21,-2,18,Seria A
13,11,Lazio,13,5,2,6,14,15,-1,17,Seria A
13,12,Torino,13,4,4,5,10,16,-6,16,Seria A
13,13,Lecce,13,3,6,4,15,18,-3,15,Seria A
13,14,Sassuolo,13,4,3,6,20,24,-4,15,Seria A
13,15,Genoa,13,4,2,7,14,18,-4,14,Seria A
13,16,Udinese,13,1,8,4,9,18,-9,11,Seria A
13,17,Cagliari,13,2,4,7,13,25,-12,10,Seria A
13,18,Empoli,13,3,1,9,8,25,-17,10,Seria A
13,19,Verona,13,2,3,8,9,18,-9,9,Seria A
13,20,Salernitana,13,1,5,7,10,25,-15,8,Seria A
14,1,Inter Milan,14,11,2,1,33,7,26,35,Seria A
14,2,Juventus,14,10,3,1,22,9,13,33,Seria A
14,3,AC Milan,14,9,2,3,24,15,9,29,Seria A
14,4,Roma,14,7,3,4,27,16,11,24,Seria A
14,5,Napoli,14,7,3,4,26,17,9,24,Seria A
14,6,Fiorentina,14,7,2,5,23,17,6,23,Seria A
14,7,Bologna,14,5,7,2,16,11,5,22,Seria A
14,8,Atalanta,14,6,2,6,21,16,5,20,Seria A
14,9,Lazio,14,6,2,6,15,15,0,20,Seria A
14,10,Torino,14,5,4,5,13,16,-3,19,Seria A
14,11,Monza,14,4,6,4,15,14,1,18,Seria A
14,12,Frosinone,14,5,3,6,20,24,-4,18,Seria A
14,13,Lecce,14,3,7,4,16,19,-3,16,Seria A
14,14,Genoa,14,4,3,7,15,19,-4,15,Seria A
14,15,Sassuolo,14,4,3,7,21,26,-5,15,Seria A
14,16,Udinese,14,1,9,4,12,21,-9,12,Seria A
14,17,Empoli,14,3,2,9,9,26,-17,11,Seria A
14,18,Verona,14,2,4,8,12,21,-9,10,Seria A
14,19,Cagliari,14,2,4,8,13,26,-13,10,Seria A
14,20,Salernitana,14,1,5,8,10,28,-18,8,Seria A
15,1,Inter Milan,15,12,2,1,37,7,30,38,Seria A
15,2,Juventus,15,11,3,1,23,9,14,36,Seria A
15,3,AC Milan,15,9,2,4,26,18,8,29,Seria A
15,4,Roma,15,7,4,4,28,17,11,25,Seria A
15,5,Bologna,15,6,7,2,18,12,6,25,Seria A
15,6,Napoli,15,7,3,5,26,18,8,24,Seria A
15,7,Fiorentina,15,7,3,5,24,18,6,24,Seria A
15,8,Atalanta,15,7,2,6,24,18,6,23,Seria A
15,9,Monza,15,5,6,4,16,14,2,21,Seria A
15,10,Lazio,15,6,3,6,16,16,0,21,Seria A
15,11,Torino,15,5,5,5,13,16,-3,20,Seria A
15,12,Frosinone,15,5,4,6,20,24,-4,19,Seria A
15,13,Lecce,15,3,8,4,17,20,-3,17,Seria A
15,14,Genoa,15,4,3,8,15,20,-5,15,Seria A
15,15,Sassuolo,15,4,3,8,22,28,-6,15,Seria A
15,16,Cagliari,15,3,4,8,15,27,-12,13,Seria A
15,17,Udinese,15,1,9,5,12,25,-13,12,Seria A
15,18,Empoli,15,3,3,9,10,27,-17,12,Seria A
15,19,Verona,15,2,5,8,13,22,-9,11,Seria A
15,20,Salernitana,15,1,5,9,11,30,-19,8,Seria A
16,1,Inter Milan,16,13,2,1,39,7,32,41,Seria A
16,2,Juventus,16,11,4,1,24,10,14,37,Seria A
16,3,AC Milan,16,10,2,4,29,18,11,32,Seria A
16,4,Bologna,16,7,7,2,20,12,8,28,Seria A
16,5,Napoli,16,8,3,5,28,19,9,27,Seria A
16,6,Fiorentina,16,8,3,5,25,18,7,27,Seria A
16,7,Atalanta,16,8,2,6,28,19,9,26,Seria A
16,8,Roma,16,7,4,5,28,19,9,25,Seria A
16,9,Torino,16,6,5,5,14,16,-2,23,Seria A
16,10,Monza,16,5,6,5,16,17,-1,21,Seria A
16,11,Lazio,16,6,3,7,16,18,-2,21,Seria A
16,12,Lecce,16,4,8,4,19,21,-2,20,Seria A
16,13,Frosinone,16,5,4,7,21,26,-5,19,Seria A
16,14,Genoa,16,4,4,8,16,21,-5,16,Seria A
16,15,Sassuolo,16,4,4,8,24,30,-6,16,Seria A
16,16,Cagliari,16,3,4,9,16,29,-13,13,Seria A
16,17,Udinese,16,1,10,5,14,27,-13,13,Seria A
16,18,Empoli,16,3,3,10,10,28,-18,12,Seria A
16,19,Verona,16,2,5,9,13,23,-10,11,Seria A
16,20,Salernitana,16,1,5,10,12,34,-22,8,Seria A
17,1,Inter Milan,17,14,2,1,41,7,34,44,Seria A
17,2,Juventus,17,12,4,1,26,11,15,40,Seria A
17,3,AC Milan,17,10,3,4,31,20,11,33,Seria A
17,4,Bologna,17,8,7,2,21,12,9,31,Seria A
17,5,Fiorentina,17,9,3,5,26,18,8,30,Seria A
17,6,Roma,17,8,4,5,30,19,11,28,Seria A
17,7,Napoli,17,8,3,6,28,21,7,27,Seria A
17,8,Atalanta,17,8,2,7,28,20,8,26,Seria A
17,9,Lazio,17,7,3,7,18,18,0,24,Seria A
17,10,Torino,17,6,6,5,15,17,-2,24,Seria A
17,11,Monza,17,5,6,6,16,18,-2,21,Seria A
17,12,Lecce,17,4,8,5,19,23,-4,20,Seria A
17,13,Genoa,17,5,4,8,18,22,-4,19,Seria A
17,14,Frosinone,17,5,4,8,22,28,-6,19,Seria A
17,15,Sassuolo,17,4,4,9,25,32,-7,16,Seria A
17,16,Verona,17,3,5,9,15,23,-8,14,Seria A
17,17,Udinese,17,1,11,5,15,28,-13,14,Seria A
17,18,Cagliari,17,3,4,10,16,31,-15,13,Seria A
17,19,Empoli,17,3,3,11,10,30,-20,12,Seria A
17,20,Salernitana,17,1,6,10,14,36,-22,9,Seria A
17,1,Inter Milan,17,14,2,1,41,7,34,44,Seria A
17,2,Juventus,17,12,4,1,26,11,15,40,Seria A
17,3,AC Milan,17,10,3,4,31,20,11,33,Seria A
17,4,Bologna,17,8,7,2,21,12,9,31,Seria A
17,5,Fiorentina,17,9,3,5,26,18,8,30,Seria A
17,6,Roma,17,8,4,5,30,19,11,28,Seria A
17,7,Napoli,17,8,3,6,28,21,7,27,Seria A
17,8,Atalanta,17,8,2,7,28,20,8,26,Seria A
17,9,Lazio,17,7,3,7,18,18,0,24,Seria A
17,10,Torino,17,6,6,5,15,17,-2,24,Seria A
17,11,Monza,17,5,6,6,16,18,-2,21,Seria A
17,12,Lecce,17,4,8,5,19,23,-4,20,Seria A
17,13,Genoa,17,5,4,8,18,22,-4,19,Seria A
17,14,Frosinone,17,5,4,8,22,28,-6,19,Seria A
17,15,Sassuolo,17,4,4,9,25,32,-7,16,Seria A
17,16,Verona,17,3,5,9,15,23,-8,14,Seria A
17,17,Udinese,17,1,11,5,15,28,-13,14,Seria A
17,18,Cagliari,17,3,4,10,16,31,-15,13,Seria A
17,19,Empoli,17,3,3,11,10,30,-20,12,Seria A
17,20,Salernitana,17,1,6,10,14,36,-22,9,Seria A
1,1,Atletico Madrid,1,1,0,0,3,1,2,3,la liga
1,2,Real Madrid,1,1,0,0,2,0,2,3,la liga
1,3,Osasuna,1,1,0,0,2,0,2,3,la liga
1,4,Rayo Vallecano,1,1,0,0,2,0,2,3,la liga
1,5,Real Betis,1,1,0,0,2,1,1,3,la liga
1,6,Valencia,1,1,0,0,2,1,1,3,la liga
1,7,Cadiz,1,1,0,0,1,0,1,3,la liga
1,8,Real Sociedad,1,0,1,0,1,1,0,1,la liga
1,9,Real Mallorca,1,0,1,0,1,1,0,1,la liga
1,10,Girona,1,0,1,0,1,1,0,1,la liga
1,11,Las Palmas,1,0,1,0,1,1,0,1,la liga
1,12,Barcelona,1,0,1,0,0,0,0,1,la liga
1,13,Getafe,1,0,1,0,0,0,0,1,la liga
1,14,Sevilla,1,0,0,1,1,2,-1,0,la liga
1,15,Villarreal,1,0,0,1,1,2,-1,0,la liga
1,16,Alaves,1,0,0,1,0,1,-1,0,la liga
1,17,Granada,1,0,0,1,1,3,-2,0,la liga
1,18,Athletic Bilbao,1,0,0,1,0,2,-2,0,la liga
1,19,Celta Vigo,1,0,0,1,0,2,-2,0,la liga
1,20,Almeria,1,0,0,1,0,2,-2,0,la liga
2,1,Real Madrid,2,2,0,0,5,1,4,6,la liga
2,2,Rayo Vallecano,2,2,0,0,4,0,4,6,la liga
2,3,Valencia,2,2,0,0,3,1,2,6,la liga
2,4,Girona,2,1,1,0,4,1,3,4,la liga
2,5,Atletico Madrid,2,1,1,0,3,1,2,4,la liga
2,6,Barcelona,2,1,1,0,2,0,2,4,la liga
2,7,Real Betis,2,1,1,0,2,1,1,4,la liga
2,8,Alaves,2,1,0,1,4,4,0,3,la liga
2,9,Athletic Bilbao,2,1,0,1,2,2,0,3,la liga
2,10,Osasuna,2,1,0,1,2,2,0,3,la liga
2,11,Villarreal,2,1,0,1,2,2,0,3,la liga
2,12,Cadiz,2,1,0,1,1,2,-1,3,la liga
2,13,Real Sociedad,2,0,2,0,2,2,0,2,la liga
2,14,Real Mallorca,2,0,1,1,1,2,-1,1,la liga
2,15,Las Palmas,2,0,1,1,1,2,-1,1,la liga
2,16,Celta Vigo,2,0,1,1,1,3,-2,1,la liga
2,17,Getafe,2,0,1,1,0,3,-3,1,la liga
2,18,Sevilla,2,0,0,2,4,6,-2,0,la liga
2,19,Granada,2,0,0,2,1,5,-4,0,la liga
2,20,Almeria,2,0,0,2,1,5,-4,0,la liga
3,1,Real Madrid,3,3,0,0,6,1,5,9,la liga
3,2,Atletico Madrid,3,2,1,0,10,1,9,7,la liga
3,3,Girona,3,2,1,0,6,2,4,7,la liga
3,4,Barcelona,3,2,1,0,6,3,3,7,la liga
3,5,Athletic Bilbao,3,2,0,1,6,4,2,6,la liga
3,6,Valencia,3,2,0,1,4,3,1,6,la liga
3,7,Osasuna,3,2,0,1,4,3,1,6,la liga
3,8,Rayo Vallecano,3,2,0,1,4,7,-3,6,la liga
3,9,Real Betis,3,1,1,1,4,5,-1,4,la liga
3,10,Cadiz,3,1,1,1,2,3,-1,4,la liga
3,11,Getafe,3,1,1,1,1,3,-2,4,la liga
3,12,Real Sociedad,3,0,3,0,2,2,0,3,la liga
3,13,Villarreal,3,1,0,2,5,6,-1,3,la liga
3,14,Alaves,3,1,0,2,4,5,-1,3,la liga
3,15,Granada,3,1,0,2,4,7,-3,3,la liga
3,16,Las Palmas,3,0,2,1,1,2,-1,2,la liga
3,17,Real Mallorca,3,0,1,2,3,5,-2,1,la liga
3,18,Celta Vigo,3,0,1,2,1,4,-3,1,la liga
3,19,Almeria,3,0,1,2,2,6,-4,1,la liga
3,20,Sevilla,3,0,0,3,5,8,-3,0,la liga
4,1,Real Madrid,4,4,0,0,8,2,6,12,la liga
4,2,Girona,4,3,1,0,7,2,5,10,la liga
4,3,Barcelona,4,3,1,0,8,4,4,10,la liga
4,4,Atletico Madrid,3,2,1,0,10,1,9,7,la liga
4,5,Athletic Bilbao,4,2,1,1,6,4,2,7,la liga
4,6,Cadiz,4,2,1,1,5,4,1,7,la liga
4,7,Real Betis,4,2,1,1,5,5,0,7,la liga
4,8,Real Sociedad,4,1,3,0,7,5,2,6,la liga
4,9,Osasuna,4,2,0,2,5,5,0,6,la liga
4,10,Alaves,4,2,0,2,5,5,0,6,la liga
4,11,Valencia,4,2,0,2,4,4,0,6,la liga
4,12,Rayo Vallecano,4,2,0,2,4,8,-4,6,la liga
4,13,Celta Vigo,4,1,1,2,4,6,-2,4,la liga
4,14,Getafe,4,1,1,2,2,5,-3,4,la liga
4,15,Villarreal,4,1,0,3,6,9,-3,3,la liga
4,16,Granada,4,1,0,3,7,12,-5,3,la liga
4,17,Real Mallorca,4,0,2,2,3,5,-2,2,la liga
4,18,Las Palmas,4,0,2,2,1,3,-2,2,la liga
4,19,Almeria,4,0,1,3,4,9,-5,1,la liga
4,20,Sevilla,3,0,0,3,5,8,-3,0,la liga
5,1,Real Madrid,5,5,0,0,10,3,7,15,la liga
5,2,Barcelona,5,4,1,0,13,4,9,13,la liga
5,3,Girona,5,4,1,0,11,4,7,13,la liga
5,4,Athletic Bilbao,5,3,1,1,9,4,5,10,la liga
5,5,Valencia,5,3,0,2,7,4,3,9,la liga
5,6,Rayo Vallecano,5,3,0,2,6,8,2,9,la liga
5,7,Atletico Madrid,4,2,1,1,10,4,6,7,la liga
5,8,Cadiz,5,2,1,2,5,7,-2,7,la liga
5,9,Getafe,5,2,1,2,5,7,-2,7,la liga
5,10,Real Betis,5,2,1,2,5,10,-5,7,la liga
5,11,Real Sociedad,5,1,3,1,8,7,1,6,la liga
5,12,Osasuna,5,2,0,3,7,8,-1,6,la liga
5,13,Villarreal,5,2,0,3,8,10,-2,6,la liga
5,14,Alaves,5,2,0,3,5,7,-2,6,la liga
5,15,Real Mallorca,5,1,2,2,4,5,-1,5,la liga
5,16,Celta Vigo,5,1,1,3,4,7,-3,4,la liga
5,17,Sevilla,4,1,0,3,6,8,-2,3,la liga
5,18,Granada,5,1,0,4,9,16,-7,3,la liga
5,19,Las Palmas,5,0,2,3,1,4,-3,2,la liga
5,20,Almeria,5,0,1,4,5,11,-6,1,la liga
6,1,Barcelona,6,5,1,0,16,6,10,16,la liga
6,2,Girona,6,5,1,0,16,7,9,16,la liga
6,3,Real Madrid,6,5,0,1,11,6,5,15,la liga
6,4,Athletic Bilbao,6,4,1,1,11,4,7,13,la liga
6,5,Atletico Madrid,5,3,1,1,13,5,8,10,la liga
6,6,Valencia,6,3,1,2,9,6,3,10,la liga
6,7,Rayo Vallecano,6,3,1,2,7,9,-2,10,la liga
6,8,Real Sociedad,6,2,3,1,12,10,2,9,la liga
6,9,Cadiz,6,2,2,2,6,8,-2,8,la liga
6,10,Real Betis,6,2,2,2,6,11,-5,8,la liga
6,11,Osasuna,6,2,1,3,7,8,-1,7,la liga
6,12,Villarreal,6,2,1,3,9,11,-2,7,la liga
6,13,Getafe,6,2,1,3,8,11,-3,7,la liga
6,14,Alaves,6,2,0,4,5,9,-4,6,la liga
6,15,Las Palmas,6,1,2,3,2,4,-2,5,la liga
6,16,Real Mallorca,6,1,2,3,7,10,-3,5,la liga
6,17,Sevilla,5,1,1,3,6,8,-2,4,la liga
6,18,Celta Vigo,6,1,1,4,6,10,-4,4,la liga
6,19,Granada,6,1,0,5,9,17,-8,3,la liga
6,20,Almeria,6,0,2,4,7,13,-6,2,la liga
7,1,Girona,7,6,1,0,18,8,10,19,la liga
7,2,Real Madrid,7,6,0,1,13,6,7,18,la liga
7,3,Barcelona,7,5,2,0,18,8,10,17,la liga
7,4,Athletic Bilbao,7,4,2,1,13,6,7,14,la liga
7,5,Atletico Madrid,6,4,1,1,15,5,10,13,la liga
7,6,Real Sociedad,7,3,3,1,13,10,3,12,la liga
7,7,Rayo Vallecano,7,3,2,2,7,9,-2,11,la liga
7,8,Valencia,7,3,1,3,9,7,2,10,la liga
7,9,Cadiz,7,2,3,2,6,8,-2,9,la liga
7,10,Real Betis,7,2,3,2,7,12,-5,9,la liga
7,11,Getafe,7,2,2,3,10,13,-3,8,la liga
7,12,Sevilla,6,2,1,3,11,9,2,7,la liga
7,13,Villarreal,7,2,1,4,10,13,-3,7,la liga
7,14,Osasuna,7,2,1,4,7,10,-3,7,la liga
7,15,Alaves,7,2,1,4,6,10,-4,7,la liga
7,16,Real Mallorca,7,1,3,3,9,12,-3,6,la liga
7,17,Celta Vigo,7,1,2,4,7,11,-4,5,la liga
7,18,Las Palmas,7,1,2,4,2,6,-4,5,la liga
7,19,Granada,7,1,1,5,10,18,-8,4,la liga
7,20,Almeria,7,0,2,5,8,18,-10,2,la liga
8,1,Real Madrid,8,7,0,1,16,6,10,21,la liga
8,2,Barcelona,8,6,2,0,19,8,11,20,la liga
8,3,Girona,8,6,1,1,18,11,7,19,la liga
8,4,Atletico Madrid,7,5,1,1,18,7,11,16,la liga
8,5,Real Sociedad,8,4,3,1,16,10,6,15,la liga
8,6,Athletic Bilbao,8,4,2,2,13,9,4,14,la liga
8,7,Real Betis,8,3,3,2,10,12,-2,12,la liga
8,8,Rayo Vallecano,8,3,3,2,9,11,-2,12,la liga
8,9,Valencia,8,3,1,4,9,10,-1,10,la liga
8,10,Osasuna,8,3,1,4,9,10,-1,10,la liga
8,11,Getafe,8,2,3,3,10,13,-3,9,la liga
8,12,Cadiz,8,2,3,3,8,11,-3,9,la liga
8,13,Villarreal,8,2,2,4,10,13,-3,8,la liga
8,14,Las Palmas,8,2,2,4,4,7,-3,8,la liga
8,15,Sevilla,7,2,1,4,11,10,1,7,la liga
8,16,Real Mallorca,8,1,4,3,11,14,-3,7,la liga
8,17,Alaves,8,2,1,5,6,12,-6,7,la liga
8,18,Celta Vigo,8,1,2,5,8,13,-5,5,la liga
8,19,Granada,8,1,2,5,13,21,-8,5,la liga
8,20,Almeria,8,0,3,5,11,21,-10,3,la liga
9,1,Real Madrid,9,8,0,1,20,6,14,24,la liga
9,2,Girona,9,7,1,1,19,11,8,22,la liga
9,3,Barcelona,9,6,3,0,21,10,11,21,la liga
9,4,Atletico Madrid,8,6,1,1,20,8,12,19,la liga
9,5,Athletic Bilbao,9,5,2,2,16,9,7,17,la liga
9,6,Real Sociedad,9,4,3,2,17,12,5,15,la liga
9,7,Real Betis,9,3,4,2,11,13,-2,13,la liga
9,8,Rayo Vallecano,9,3,4,2,11,13,-2,13,la liga
9,9,Valencia,9,3,2,4,10,11,-1,11,la liga
9,10,Las Palmas,9,3,2,4,6,8,-2,11,la liga
9,11,Getafe,9,2,4,3,12,15,-3,10,la liga
9,12,Osasuna,9,3,1,5,9,14,-5,10,la liga
9,13,Cadiz,9,2,3,4,8,12,-4,9,la liga
9,14,Sevilla,8,2,2,4,13,12,1,8,la liga
9,15,Real Mallorca,9,1,5,3,12,15,-3,8,la liga
9,16,Villarreal,9,2,2,5,11,15,-4,8,la liga
9,17,Alaves,9,2,2,5,7,13,-6,8,la liga
9,18,Celta Vigo,9,1,3,5,10,15,-5,6,la liga
9,19,Granada,9,1,3,5,15,23,-8,6,la liga
9,20,Almeria,9,0,3,6,11,24,-13,3,la liga
10,1,Girona,11,9,1,1,25,13,12,28,la liga
10,2,Real Madrid,10,8,1,1,21,7,14,25,la liga
10,3,Barcelona,10,7,3,0,22,10,12,24,la liga
10,4,Atletico Madrid,9,7,1,1,23,8,15,22,la liga
10,5,Real Sociedad,10,5,3,2,18,12,6,18,la liga
10,6,Athletic Bilbao,10,5,2,3,16,10,6,17,la liga
10,7,Rayo Vallecano,10,4,4,2,12,13,-1,16,la liga
10,8,Valencia,10,4,2,4,12,11,1,14,la liga
10,9,Real Betis,10,3,5,2,12,14,-2,14,la liga
10,10,Osasuna,10,4,1,5,11,14,-3,13,la liga
10,11,Getafe,10,2,5,3,13,16,-3,11,la liga
10,12,Las Palmas,10,3,2,5,6,9,-3,11,la liga
10,13,Sevilla,9,2,3,4,14,13,1,9,la liga
10,14,Villarreal,10,2,3,5,12,16,-4,9,la liga
10,15,Alaves,10,2,3,5,8,14,-6,9,la liga
10,16,Cadiz,10,2,3,5,8,14,-6,9,la liga
10,17,Real Mallorca,10,1,5,4,12,16,-4,8,la liga
10,18,Celta Vigo,11,1,3,7,10,19,-9,6,la liga
10,19,Granada,10,1,3,6,15,25,-10,6,la liga
10,20,Almeria,10,0,3,7,13,29,-16,3,la liga
11,1,Real Madrid,11,9,1,1,23,8,15,28,la liga
11,2,Girona,11,9,1,1,25,13,12,28,la liga
11,3,Atletico Madrid,10,8,1,1,25,9,16,25,la liga
11,4,Barcelona,11,7,3,1,23,12,11,24,la liga
11,5,Real Sociedad,11,5,4,2,20,14,6,19,la liga
11,6,Athletic Bilbao,11,5,3,3,18,12,6,18,la liga
11,7,Real Betis,11,4,5,2,14,15,-1,17,la liga
11,8,Rayo Vallecano,11,4,5,2,14,15,-1,17,la liga
11,9,Valencia,11,4,3,4,14,13,1,15,la liga
11,10,Las Palmas,11,4,2,5,8,10,-2,14,la liga
11,11,Osasuna,11,4,1,6,12,16,-4,13,la liga
11,12,Villarreal,11,3,3,5,15,18,-3,12,la liga
11,13,Getafe,11,2,6,3,13,16,-3,12,la liga
11,14,Sevilla,10,2,4,4,16,15,1,10,la liga
11,15,Cadiz,11,2,4,5,10,16,-6,10,la liga
11,16,Real Mallorca,11,1,6,4,12,16,-4,9,la liga
11,17,Alaves,11,2,3,6,9,16,-7,9,la liga
11,18,Celta Vigo,11,1,3,7,10,19,-9,6,la liga
11,19,Granada,11,1,3,7,17,28,-11,6,la liga
11,20,Almeria,11,0,3,8,14,31,-17,3,la liga
12,1,Girona,12,10,1,1,29,15,14,31,la liga
12,2,Real Madrid,12,9,2,1,23,8,15,29,la liga
12,3,Barcelona,12,8,3,1,24,12,12,27,la liga
12,4,Atletico Madrid,11,8,1,2,26,11,15,25,la liga
12,5,Athletic Bilbao,12,6,3,3,21,14,7,21,la liga
12,6,Real Betis,12,5,5,2,16,15,1,20,la liga
12,7,Real Sociedad,12,5,4,3,20,15,5,19,la liga
12,8,Valencia,12,5,3,4,15,13,2,18,la liga
12,9,Rayo Vallecano,12,4,6,2,14,15,-1,18,la liga
12,10,Las Palmas,12,5,2,5,10,11,-1,17,la liga
12,11,Getafe,12,3,6,3,14,16,-2,15,la liga
12,12,Osasuna,12,4,1,7,14,20,-6,13,la liga
12,13,Villarreal,12,3,3,6,17,21,-4,12,la liga
12,14,Alaves,12,3,3,6,10,16,-6,12,la liga
12,15,Sevilla,11,2,5,4,17,16,1,11,la liga
12,16,Cadiz,12,2,4,6,10,17,-7,10,la liga
12,17,Real Mallorca,12,1,6,5,12,18,-6,9,la liga
12,18,Celta Vigo,12,1,4,7,11,20,-9,7,la liga
12,19,Granada,12,1,3,8,17,29,-12,6,la liga
12,20,Almeria,12,0,3,9,14,32,-18,3,la liga
13,1,Girona,13,11,1,1,31,16,15,34,la liga
13,2,Real Madrid,13,10,2,1,28,9,19,32,la liga
13,3,Barcelona,13,9,3,1,26,13,13,30,la liga
13,4,Atletico Madrid,12,9,1,2,29,12,17,28,la liga
13,5,Athletic Bilbao,13,7,3,3,25,17,8,24,la liga
13,6,Real Sociedad,13,6,4,3,23,16,7,22,la liga
13,7,Real Betis,13,5,6,2,17,16,1,21,la liga
13,8,Las Palmas,13,5,3,5,11,12,-1,18,la liga
13,9,Valencia,13,5,3,5,16,18,-2,18,la liga
13,10,Rayo Vallecano,13,4,6,3,15,17,-2,18,la liga
13,11,Getafe,13,3,7,3,15,17,-2,16,la liga
13,12,Osasuna,13,4,2,7,15,21,-6,14,la liga
13,13,Sevilla,12,2,6,4,18,17,1,12,la liga
13,14,Villarreal,13,3,3,7,18,24,-6,12,la liga
13,15,Alaves,13,3,3,7,11,18,-7,12,la liga
13,16,Cadiz,12,2,4,6,10,17,-7,10,la liga
13,17,Real Mallorca,12,1,6,5,12,18,-6,9,la liga
13,18,Celta Vigo,13,1,4,8,14,24,-10,7,la liga
13,19,Granada,13,1,4,8,18,30,-12,7,la liga
13,20,Almeria,13,0,3,10,15,35,-20,3,la liga
14,1,Real Madrid,14,11,2,1,31,9,22,35,la liga
14,2,Girona,14,11,2,1,32,17,15,35,la liga
14,3,Atletico Madrid,13,10,1,2,30,12,18,31,la liga
14,4,Barcelona,14,9,4,1,27,14,13,31,la liga
14,5,Athletic Bilbao,14,7,4,3,26,18,8,25,la liga
14,6,Real Sociedad,14,7,4,3,25,17,8,25,la liga
14,7,Real Betis,14,6,6,2,18,16,2,24,la liga
14,8,Getafe,14,4,7,3,17,18,-1,19,la liga
14,9,Valencia,14,5,4,5,16,18,-2,19,la liga
14,10,Rayo Vallecano,14,4,7,3,16,18,-2,19,la liga
14,11,Las Palmas,14,5,3,6,11,13,-2,18,la liga
14,12,Villarreal,14,4,3,7,21,25,-4,15,la liga
14,13,Alaves,14,4,3,7,14,19,-5,15,la liga
14,14,Osasuna,14,4,2,8,16,24,-8,14,la liga
14,15,Sevilla,13,2,6,5,19,19,0,12,la liga
14,16,Cadiz,13,2,4,7,10,20,-10,10,la liga
14,17,Real Mallorca,13,1,6,6,12,19,-7,9,la liga
14,18,Celta Vigo,14,1,5,8,14,24,-10,8,la liga
14,19,Granada,14,1,4,9,19,33,-14,7,la liga
14,20,Almeria,14,0,3,11,16,37,-21,3,la liga
15,1,Real Madrid,15,12,2,1,33,9,24,38,la liga
15,2,Girona,15,12,2,1,34,18,16,38,la liga
15,3,Barcelona,15,10,4,1,28,14,14,34,la liga
15,4,Atletico Madrid,14,10,1,3,30,13,17,31,la liga
15,5,Athletic Bilbao,15,8,4,3,30,18,12,28,la liga
15,6,Real Sociedad,15,7,5,3,26,18,8,26,la liga
15,7,Real Betis,15,6,7,2,18,16,2,25,la liga
15,8,Las Palmas,15,6,3,6,13,13,0,21,la liga
15,9,Valencia,15,5,4,6,17,20,-3,19,la liga
15,10,Getafe,15,4,7,4,17,20,-3,19,la liga
15,11,Rayo Vallecano,15,4,7,4,16,22,-6,19,la liga
15,12,Villarreal,15,4,4,7,22,26,-4,16,la liga
15,13,Alaves,15,4,4,7,14,19,-5,16,la liga
15,14,Osasuna,15,4,3,8,17,25,-8,15,la liga
15,15,Sevilla,14,2,7,5,20,20,0,13,la liga
15,16,Cadiz,15,2,6,7,12,22,-10,12,la liga
15,17,Real Mallorca,15,1,8,6,13,20,-7,11,la liga
15,18,Celta Vigo,15,1,6,8,15,25,-10,9,la liga
15,19,Granada,15,1,4,10,19,35,-16,7,la liga
15,20,Almeria,15,0,4,11,16,37,-21,4,la liga
16,1,Girona,16,13,2,1,38,20,18,41,la liga
16,2,Real Madrid,16,12,3,1,34,10,24,39,la liga
16,3,Atletico Madrid,15,11,1,3,32,14,18,34,la liga
16,4,Barcelona,16,10,4,2,30,18,12,34,la liga
16,5,Athletic Bilbao,16,8,5,3,31,19,12,29,la liga
16,6,Real Sociedad,16,8,5,3,29,18,11,29,la liga
16,7,Real Betis,16,6,8,2,19,17,2,26,la liga
16,8,Las Palmas,16,7,3,6,14,13,1,24,la liga
16,9,Getafe,16,5,7,4,18,20,-2,22,la liga
16,10,Rayo Vallecano,16,4,8,4,16,22,-6,20,la liga
16,11,Valencia,16,5,4,7,17,21,-4,19,la liga
16,12,Alaves,16,4,4,8,14,20,-6,16,la liga
16,13,Villarreal,16,4,4,8,22,29,-7,16,la liga
16,14,Osasuna,16,4,4,8,18,26,-8,16,la liga
16,15,Real Mallorca,16,2,8,6,14,20,-6,14,la liga
16,16,Sevilla,15,2,7,6,20,21,-1,13,la liga
16,17,Cadiz,16,2,7,7,13,23,-10,13,la liga
16,18,Celta Vigo,16,1,7,8,15,25,-10,10,la liga
16,19,Granada,16,1,5,10,20,36,-16,8,la liga
16,20,Almeria,16,0,4,12,17,39,-22,4,la liga
17,1,Girona,17,14,2,1,41,20,21,44,la liga
17,2,Real Madrid,17,13,3,1,38,11,27,42,la liga
17,3,Barcelona,17,10,5,2,31,19,12,35,la liga
17,4,Atletico Madrid,16,11,1,4,32,16,16,34,la liga
17,5,Athletic Bilbao,17,9,5,3,33,19,14,32,la liga
17,6,Real Sociedad,17,8,6,3,29,18,11,30,la liga
17,7,Real Betis,17,6,9,2,19,17,2,27,la liga
17,8,Getafe,17,6,7,4,21,20,1,25,la liga
17,9,Las Palmas,17,7,4,6,15,14,1,25,la liga
17,10,Valencia,17,5,5,7,18,22,-4,20,la liga
17,11,Rayo Vallecano,17,4,8,5,16,23,-7,20,la liga
17,12,Osasuna,17,5,4,8,19,26,-7,19,la liga
17,13,Alaves,17,4,4,9,14,23,-9,16,la liga
17,14,Villarreal,17,4,4,9,23,33,-10,16,la liga
17,15,Real Mallorca,17,2,9,6,14,20,-6,15,la liga
17,16,Cadiz,17,2,8,7,14,24,-10,14,la liga
17,17,Sevilla,16,2,7,7,20,24,-4,13,la liga
17,18,Celta Vigo,17,2,7,8,16,25,-9,13,la liga
17,19,Granada,17,1,5,11,20,37,-17,8,la liga
17,20,Almeria,17,0,5,12,17,39,-22,5,la liga
18,1,Real Madrid,18,14,3,1,39,11,28,45,la liga
18,2,Girona,18,14,3,1,42,21,21,45,la liga
18,5,Athletic Bilbao,18,10,5,3,34,19,15,35,la liga
18,6,Real Sociedad,18,8,7,3,29,18,11,31,la liga
18,7,Real Betis,18,6,10,2,20,18,2,28,la liga
18,8,Getafe,18,6,8,4,24,23,1,26,la liga
18,9,Las Palmas,18,7,4,7,15,15,0,25,la liga
18,10,Valencia,18,6,5,7,19,22,-3,23,la liga
18,11,Rayo Vallecano,18,4,8,6,16,24,-8,20,la liga
18,12,Osasuna,18,5,4,9,21,29,-8,19,la liga
18,13,Villarreal,18,5,4,9,26,35,-9,19,la liga
18,14,Real Mallorca,18,3,9,6,17,22,-5,18,la liga
18,16,Alaves,18,4,4,10,14,24,-10,16,la liga
18,17,Cadiz,18,2,9,7,14,24,-10,15,la liga
18,18,Celta Vigo,18,2,7,9,18,28,-10,13,la liga
18,19,Granada,18,1,5,12,20,40,-20,8,la liga
18,20,Almeria,18,0,5,13,19,42,-23,5,la liga
18,3,Atletico Madrid,18,12,2,4,36,19,17,38,la liga
18,4,Barcelona,18,11,5,2,34,21,13,38,la liga
18,15,Sevilla,18,3,7,8,23,25,-2,16,la liga
18,1,Real Madrid,18,14,3,1,39,11,28,45,la liga
18,2,Girona,18,14,3,1,42,21,21,45,la liga
18,3,Atletico Madrid,18,12,2,4,36,19,17,38,la liga
18,4,Barcelona,18,11,5,2,34,21,13,38,la liga
18,5,Athletic Bilbao,18,10,5,3,34,19,15,35,la liga
18,6,Real Sociedad,18,8,7,3,29,18,11,31,la liga
18,7,Real Betis,18,6,10,2,20,18,2,28,la liga
18,8,Getafe,18,6,8,4,24,23,1,26,la liga
18,9,Las Palmas,18,7,4,7,15,15,0,25,la liga
18,10,Valencia,18,6,5,7,19,22,-3,23,la liga
18,11,Rayo Vallecano,18,4,8,6,16,24,-8,20,la liga
18,12,Osasuna,18,5,4,9,21,29,-8,19,la liga
18,13,Villarreal,18,5,4,9,26,35,-9,19,la liga
18,14,Real Mallorca,18,3,9,6,17,22,-5,18,la liga
18,15,Sevilla,18,3,7,8,23,25,-2,16,la liga
18,16,Alaves,18,4,4,10,14,24,-10,16,la liga
18,17,Cadiz,18,2,9,7,14,24,-10,15,la liga
18,18,Celta Vigo,18,2,7,9,18,28,-10,13,la liga
18,19,Granada,18,1,5,12,20,40,-20,8,la liga
18,20,Almeria,18,0,5,13,19,42,-23,5,la liga
